,Date,Start,Visitor,VisitorPTS,Home,HomePTS
1,Tue Oct 28 2014,10:30 pm,Houston Rockets,108,Los Angeles Lakers,90
2,Tue Oct 28 2014,8:00 pm,Orlando Magic,84,New Orleans Pelicans,101
3,Tue Oct 28 2014,8:00 pm,Dallas Mavericks,100,San Antonio Spurs,101
4,Wed Oct 29 2014,7:30 pm,Brooklyn Nets,105,Boston Celtics,121
5,Wed Oct 29 2014,7:00 pm,Milwaukee Bucks,106,Charlotte Hornets,108
6,Wed Oct 29 2014,9:00 pm,Detroit Pistons,79,Denver Nuggets,89
7,Wed Oct 29 2014,7:00 pm,Philadelphia 76ers,91,Indiana Pacers,103
8,Wed Oct 29 2014,8:00 pm,Minnesota Timberwolves,101,Memphis Grizzlies,105
9,Wed Oct 29 2014,7:30 pm,Washington Wizards,95,Miami Heat,107
10,Wed Oct 29 2014,8:00 pm,Chicago Bulls,104,New York Knicks,80
11,Wed Oct 29 2014,10:00 pm,Los Angeles Lakers,99,Phoenix Suns,119
12,Wed Oct 29 2014,10:30 pm,Oklahoma City Thunder,89,Portland Trail Blazers,106
13,Wed Oct 29 2014,10:00 pm,Golden State Warriors,95,Sacramento Kings,77
14,Wed Oct 29 2014,7:30 pm,Atlanta Hawks,102,Toronto Raptors,109
15,Wed Oct 29 2014,9:00 pm,Houston Rockets,104,Utah Jazz,93
16,Thu Oct 30 2014,8:00 pm,New York Knicks,95,Cleveland Cavaliers,90
17,Thu Oct 30 2014,8:30 pm,Utah Jazz,102,Dallas Mavericks,120
18,Thu Oct 30 2014,10:30 pm,Oklahoma City Thunder,90,Los Angeles Clippers,93
19,Thu Oct 30 2014,8:00 pm,Detroit Pistons,91,Minnesota Timberwolves,97
20,Thu Oct 30 2014,7:00 pm,Washington Wizards,105,Orlando Magic,98
21,Fri Oct 31 2014,8:00 pm,Cleveland Cavaliers,114,Chicago Bulls,108
22,Fri Oct 31 2014,7:00 pm,Memphis Grizzlies,97,Indiana Pacers,89
23,Fri Oct 31 2014,10:30 pm,Los Angeles Clippers,118,Los Angeles Lakers,111
24,Fri Oct 31 2014,8:30 pm,Philadelphia 76ers,81,Milwaukee Bucks,93
25,Fri Oct 31 2014,10:00 pm,San Antonio Spurs,89,Phoenix Suns,94
26,Fri Oct 31 2014,10:00 pm,Portland Trail Blazers,94,Sacramento Kings,103
28,Sat Nov 1 2014,7:30 pm,Indiana Pacers,92,Atlanta Hawks,102
29,Sat Nov 1 2014,7:00 pm,Memphis Grizzlies,71,Charlotte Hornets,69
30,Sat Nov 1 2014,7:30 pm,Brooklyn Nets,102,Detroit Pistons,90
31,Sat Nov 1 2014,10:30 pm,Los Angeles Lakers,104,Golden State Warriors,127
32,Sat Nov 1 2014,8:00 pm,Boston Celtics,90,Houston Rockets,104
33,Sat Nov 1 2014,8:00 pm,Chicago Bulls,106,Minnesota Timberwolves,105
34,Sat Nov 1 2014,7:00 pm,Dallas Mavericks,109,New Orleans Pelicans,104
35,Sat Nov 1 2014,8:00 pm,Denver Nuggets,91,Oklahoma City Thunder,102
36,Sat Nov 1 2014,7:00 pm,Toronto Raptors,108,Orlando Magic,95
37,Sat Nov 1 2014,7:00 pm,Miami Heat,114,Philadelphia 76ers,96
38,Sat Nov 1 2014,9:00 pm,Phoenix Suns,91,Utah Jazz,118
39,Sat Nov 1 2014,7:00 pm,Milwaukee Bucks,97,Washington Wizards,108
40,Sun Nov 2 2014,3:30 pm,Sacramento Kings,98,Los Angeles Clippers,92
41,Sun Nov 2 2014,6:00 pm,Toronto Raptors,102,Miami Heat,107
42,Sun Nov 2 2014,7:30 pm,Charlotte Hornets,93,New York Knicks,96
43,Sun Nov 2 2014,9:00 pm,Golden State Warriors,95,Portland Trail Blazers,90
44,Mon Nov 3 2014,7:30 pm,Oklahoma City Thunder,85,Brooklyn Nets,116
45,Mon Nov 3 2014,8:30 pm,Boston Celtics,113,Dallas Mavericks,118
46,Mon Nov 3 2014,9:00 pm,Sacramento Kings,110,Denver Nuggets,105
47,Mon Nov 3 2014,10:30 pm,Utah Jazz,101,Los Angeles Clippers,107
48,Mon Nov 3 2014,8:00 pm,New Orleans Pelicans,81,Memphis Grizzlies,93
49,Mon Nov 3 2014,7:00 pm,Houston Rockets,104,Philadelphia 76ers,93
50,Tue Nov 4 2014,8:00 pm,Orlando Magic,90,Chicago Bulls,98
51,Tue Nov 4 2014,7:00 pm,Milwaukee Bucks,87,Indiana Pacers,81
52,Tue Nov 4 2014,10:30 pm,Phoenix Suns,112,Los Angeles Lakers,106
53,Tue Nov 4 2014,7:30 pm,Houston Rockets,108,Miami Heat,91
54,Tue Nov 4 2014,8:00 pm,Charlotte Hornets,91,New Orleans Pelicans,100
55,Tue Nov 4 2014,7:30 pm,Washington Wizards,98,New York Knicks,83
56,Tue Nov 4 2014,10:00 pm,Cleveland Cavaliers,82,Portland Trail Blazers,101
57,Tue Nov 4 2014,7:30 pm,Oklahoma City Thunder,88,Toronto Raptors,100
58,Wed Nov 5 2014,7:30 pm,Toronto Raptors,110,Boston Celtics,107
59,Wed Nov 5 2014,7:30 pm,Minnesota Timberwolves,98,Brooklyn Nets,91
60,Wed Nov 5 2014,7:00 pm,Miami Heat,89,Charlotte Hornets,96
61,Wed Nov 5 2014,7:30 pm,New York Knicks,95,Detroit Pistons,98
62,Wed Nov 5 2014,10:30 pm,Los Angeles Clippers,104,Golden State Warriors,121
63,Wed Nov 5 2014,8:00 pm,Chicago Bulls,95,Milwaukee Bucks,86
64,Wed Nov 5 2014,7:00 pm,Orlando Magic,91,Philadelphia 76ers,89
65,Wed Nov 5 2014,9:00 pm,Memphis Grizzlies,102,Phoenix Suns,91
66,Wed Nov 5 2014,10:00 pm,Denver Nuggets,109,Sacramento Kings,131
67,Wed Nov 5 2014,8:30 pm,Atlanta Hawks,92,San Antonio Spurs,94
68,Wed Nov 5 2014,9:00 pm,Cleveland Cavaliers,100,Utah Jazz,102
69,Wed Nov 5 2014,8:00 pm,Indiana Pacers,94,Washington Wizards,96
70,Thu Nov 6 2014,8:00 pm,San Antonio Spurs,81,Houston Rockets,98
71,Thu Nov 6 2014,10:30 pm,Dallas Mavericks,87,Portland Trail Blazers,108
72,Fri Nov 7 2014,7:30 pm,Indiana Pacers,98,Boston Celtics,101
73,Fri Nov 7 2014,7:30 pm,New York Knicks,99,Brooklyn Nets,110
74,Fri Nov 7 2014,7:00 pm,Atlanta Hawks,119,Charlotte Hornets,122
75,Fri Nov 7 2014,10:30 pm,Cleveland Cavaliers,110,Denver Nuggets,101
76,Fri Nov 7 2014,7:30 pm,Milwaukee Bucks,95,Detroit Pistons,98
77,Fri Nov 7 2014,8:00 pm,Memphis Grizzlies,91,Oklahoma City Thunder,89
78,Fri Nov 7 2014,7:00 pm,Minnesota Timberwolves,103,Orlando Magic,112
79,Fri Nov 7 2014,7:00 pm,Chicago Bulls,118,Philadelphia 76ers,115
80,Fri Nov 7 2014,9:00 pm,Sacramento Kings,114,Phoenix Suns,112
81,Fri Nov 7 2014,7:30 pm,Washington Wizards,84,Toronto Raptors,103
82,Fri Nov 7 2014,9:00 pm,Dallas Mavericks,105,Utah Jazz,82
83,Sat Nov 8 2014,7:30 pm,New York Knicks,96,Atlanta Hawks,103
84,Sat Nov 8 2014,8:00 pm,Boston Celtics,106,Chicago Bulls,101
85,Sat Nov 8 2014,8:00 pm,Golden State Warriors,98,Houston Rockets,87
86,Sat Nov 8 2014,7:00 pm,Washington Wizards,97,Indiana Pacers,90
87,Sat Nov 8 2014,3:30 pm,Portland Trail Blazers,102,Los Angeles Clippers,106
88,Sat Nov 8 2014,7:30 pm,Minnesota Timberwolves,92,Miami Heat,102
89,Sat Nov 8 2014,8:30 pm,Memphis Grizzlies,92,Milwaukee Bucks,93
90,Sat Nov 8 2014,8:30 pm,New Orleans Pelicans,100,San Antonio Spurs,99
91,Sun Nov 9 2014,3:30 pm,Orlando Magic,96,Brooklyn Nets,104
92,Sun Nov 9 2014,7:30 pm,Miami Heat,105,Dallas Mavericks,96
93,Sun Nov 9 2014,6:00 pm,Utah Jazz,97,Detroit Pistons,96
94,Sun Nov 9 2014,9:30 pm,Charlotte Hornets,92,Los Angeles Lakers,107
95,Sun Nov 9 2014,7:00 pm,Sacramento Kings,93,Oklahoma City Thunder,101
96,Sun Nov 9 2014,8:00 pm,Golden State Warriors,95,Phoenix Suns,107
97,Sun Nov 9 2014,9:00 pm,Denver Nuggets,100,Portland Trail Blazers,116
98,Sun Nov 9 2014,7:00 pm,Philadelphia 76ers,88,Toronto Raptors,120
99,Mon Nov 10 2014,8:00 pm,Detroit Pistons,91,Chicago Bulls,102
100,Mon Nov 10 2014,7:00 pm,New Orleans Pelicans,111,Cleveland Cavaliers,118
101,Mon Nov 10 2014,7:00 pm,Utah Jazz,86,Indiana Pacers,97
102,Mon Nov 10 2014,10:30 pm,San Antonio Spurs,89,Los Angeles Clippers,85
103,Mon Nov 10 2014,7:30 pm,Atlanta Hawks,91,New York Knicks,85
104,Tue Nov 11 2014,8:30 pm,Sacramento Kings,98,Dallas Mavericks,106
105,Tue Nov 11 2014,10:30 pm,San Antonio Spurs,113,Golden State Warriors,100
106,Tue Nov 11 2014,8:00 pm,Los Angeles Lakers,102,Memphis Grizzlies,107
107,Tue Nov 11 2014,8:00 pm,Oklahoma City Thunder,78,Milwaukee Bucks,85
108,Tue Nov 11 2014,10:00 pm,Charlotte Hornets,100,Portland Trail Blazers,102
109,Tue Nov 11 2014,7:30 pm,Orlando Magic,100,Toronto Raptors,104
110,Wed Nov 12 2014,7:30 pm,Utah Jazz,97,Atlanta Hawks,100
111,Wed Nov 12 2014,7:30 pm,Oklahoma City Thunder,109,Boston Celtics,94
112,Wed Nov 12 2014,9:00 pm,Portland Trail Blazers,130,Denver Nuggets,113
113,Wed Nov 12 2014,7:30 pm,Indiana Pacers,81,Miami Heat,75
114,Wed Nov 12 2014,10:00 pm,Houston Rockets,113,Minnesota Timberwolves,101
115,Wed Nov 12 2014,8:00 pm,Los Angeles Lakers,102,New Orleans Pelicans,109
116,Wed Nov 12 2014,7:30 pm,Orlando Magic,97,New York Knicks,95
117,Wed Nov 12 2014,9:00 pm,Brooklyn Nets,104,Phoenix Suns,112
118,Wed Nov 12 2014,7:00 pm,Detroit Pistons,103,Washington Wizards,107
119,Thu Nov 13 2014,8:30 pm,Philadelphia 76ers,70,Dallas Mavericks,123
120,Thu Nov 13 2014,10:30 pm,Brooklyn Nets,99,Golden State Warriors,107
121,Thu Nov 13 2014,8:00 pm,Sacramento Kings,110,Memphis Grizzlies,111
122,Thu Nov 13 2014,8:00 pm,Chicago Bulls,100,Toronto Raptors,93
123,Fri Nov 14 2014,7:30 pm,Miami Heat,103,Atlanta Hawks,114
124,Fri Nov 14 2014,7:30 pm,Cleveland Cavaliers,122,Boston Celtics,121
125,Fri Nov 14 2014,8:00 pm,Philadelphia 76ers,87,Houston Rockets,88
126,Fri Nov 14 2014,7:00 pm,Denver Nuggets,108,Indiana Pacers,87
127,Fri Nov 14 2014,10:00 pm,San Antonio Spurs,93,Los Angeles Lakers,80
128,Fri Nov 14 2014,8:00 pm,Minnesota Timberwolves,91,New Orleans Pelicans,139
129,Fri Nov 14 2014,7:30 pm,Utah Jazz,102,New York Knicks,100
130,Fri Nov 14 2014,8:00 pm,Detroit Pistons,96,Oklahoma City Thunder,89
131,Fri Nov 14 2014,7:00 pm,Milwaukee Bucks,85,Orlando Magic,101
132,Fri Nov 14 2014,9:00 pm,Charlotte Hornets,103,Phoenix Suns,95
133,Sat Nov 15 2014,8:00 pm,Indiana Pacers,99,Chicago Bulls,90
134,Sat Nov 15 2014,7:30 pm,Atlanta Hawks,94,Cleveland Cavaliers,127
135,Sat Nov 15 2014,8:30 pm,Minnesota Timberwolves,117,Dallas Mavericks,131
136,Sat Nov 15 2014,10:30 pm,Charlotte Hornets,87,Golden State Warriors,112
137,Sat Nov 15 2014,10:30 pm,Phoenix Suns,107,Los Angeles Clippers,120
138,Sat Nov 15 2014,8:00 pm,Detroit Pistons,88,Memphis Grizzlies,95
139,Sat Nov 15 2014,10:00 pm,Brooklyn Nets,87,Portland Trail Blazers,97
140,Sat Nov 15 2014,10:00 pm,San Antonio Spurs,91,Sacramento Kings,94
141,Sat Nov 15 2014,7:30 pm,Utah Jazz,93,Toronto Raptors,111
142,Sat Nov 15 2014,7:00 pm,Orlando Magic,93,Washington Wizards,98
143,Sun Nov 16 2014,9:30 pm,Golden State Warriors,136,Los Angeles Lakers,115
144,Sun Nov 16 2014,6:00 pm,Milwaukee Bucks,91,Miami Heat,84
145,Sun Nov 16 2014,1:00 pm,Denver Nuggets,93,New York Knicks,109
146,Sun Nov 16 2014,7:00 pm,Houston Rockets,69,Oklahoma City Thunder,65
147,Mon Nov 17 2014,7:30 pm,Phoenix Suns,118,Boston Celtics,114
148,Mon Nov 17 2014,7:30 pm,Miami Heat,95,Brooklyn Nets,83
149,Mon Nov 17 2014,7:00 pm,Dallas Mavericks,107,Charlotte Hornets,80
150,Mon Nov 17 2014,7:00 pm,Denver Nuggets,106,Cleveland Cavaliers,97
151,Mon Nov 17 2014,7:30 pm,Orlando Magic,107,Detroit Pistons,93
152,Mon Nov 17 2014,10:30 pm,Chicago Bulls,105,Los Angeles Clippers,89
153,Mon Nov 17 2014,8:00 pm,Houston Rockets,93,Memphis Grizzlies,119
154,Mon Nov 17 2014,10:00 pm,New Orleans Pelicans,93,Portland Trail Blazers,102
155,Mon Nov 17 2014,8:30 pm,Philadelphia 76ers,75,San Antonio Spurs,100
156,Tue Nov 18 2014,7:30 pm,Los Angeles Lakers,114,Atlanta Hawks,109
157,Tue Nov 18 2014,8:00 pm,New York Knicks,113,Milwaukee Bucks,117
158,Tue Nov 18 2014,10:00 pm,New Orleans Pelicans,106,Sacramento Kings,100
159,Tue Nov 18 2014,9:00 pm,Oklahoma City Thunder,81,Utah Jazz,98
160,Wed Nov 19 2014,7:30 pm,Milwaukee Bucks,122,Brooklyn Nets,118
161,Wed Nov 19 2014,7:00 pm,San Antonio Spurs,92,Cleveland Cavaliers,90
162,Wed Nov 19 2014,9:00 pm,Oklahoma City Thunder,100,Denver Nuggets,107
163,Wed Nov 19 2014,7:30 pm,Phoenix Suns,88,Detroit Pistons,86
164,Wed Nov 19 2014,9:30 pm,Los Angeles Lakers,98,Houston Rockets,92
165,Wed Nov 19 2014,7:00 pm,Charlotte Hornets,86,Indiana Pacers,88
166,Wed Nov 19 2014,8:00 pm,New York Knicks,99,Minnesota Timberwolves,115
167,Wed Nov 19 2014,7:00 pm,Los Angeles Clippers,114,Orlando Magic,90
168,Wed Nov 19 2014,7:00 pm,Boston Celtics,101,Philadelphia 76ers,90
169,Wed Nov 19 2014,7:30 pm,Memphis Grizzlies,92,Toronto Raptors,96
170,Wed Nov 19 2014,7:00 pm,Dallas Mavericks,105,Washington Wizards,102
171,Thu Nov 20 2014,8:00 pm,Los Angeles Clippers,110,Miami Heat,93
172,Thu Nov 20 2014,10:30 pm,Chicago Bulls,88,Sacramento Kings,103
173,Fri Nov 21 2014,7:30 pm,Detroit Pistons,89,Atlanta Hawks,99
174,Fri Nov 21 2014,7:00 pm,Orlando Magic,105,Charlotte Hornets,100
175,Fri Nov 21 2014,8:30 pm,Los Angeles Lakers,106,Dallas Mavericks,140
176,Fri Nov 21 2014,9:00 pm,New Orleans Pelicans,97,Denver Nuggets,117
177,Fri Nov 21 2014,10:30 pm,Utah Jazz,88,Golden State Warriors,101
178,Fri Nov 21 2014,8:00 pm,Boston Celtics,100,Memphis Grizzlies,117
179,Fri Nov 21 2014,8:00 pm,San Antonio Spurs,121,Minnesota Timberwolves,92
180,Fri Nov 21 2014,8:00 pm,Brooklyn Nets,94,Oklahoma City Thunder,92
181,Fri Nov 21 2014,7:00 pm,Phoenix Suns,122,Philadelphia 76ers,96
182,Fri Nov 21 2014,10:30 pm,Chicago Bulls,87,Portland Trail Blazers,105
183,Fri Nov 21 2014,7:30 pm,Milwaukee Bucks,82,Toronto Raptors,124
184,Fri Nov 21 2014,8:00 pm,Cleveland Cavaliers,78,Washington Wizards,91
185,Sat Nov 22 2014,7:30 pm,Toronto Raptors,110,Cleveland Cavaliers,93
186,Sat Nov 22 2014,8:00 pm,Dallas Mavericks,92,Houston Rockets,95
187,Sat Nov 22 2014,7:00 pm,Phoenix Suns,106,Indiana Pacers,83
188,Sat Nov 22 2014,8:30 pm,Washington Wizards,111,Milwaukee Bucks,100
189,Sat Nov 22 2014,8:00 pm,Sacramento Kings,113,Minnesota Timberwolves,101
190,Sat Nov 22 2014,7:30 pm,Philadelphia 76ers,83,New York Knicks,91
191,Sat Nov 22 2014,7:00 pm,Miami Heat,99,Orlando Magic,92
192,Sat Nov 22 2014,8:30 pm,Brooklyn Nets,87,San Antonio Spurs,99
193,Sat Nov 22 2014,9:00 pm,New Orleans Pelicans,106,Utah Jazz,94
194,Sun Nov 23 2014,6:00 pm,Portland Trail Blazers,94,Boston Celtics,88
195,Sun Nov 23 2014,9:30 pm,Denver Nuggets,101,Los Angeles Lakers,94
196,Sun Nov 23 2014,6:00 pm,Los Angeles Clippers,91,Memphis Grizzlies,107
197,Sun Nov 23 2014,6:00 pm,Charlotte Hornets,93,Miami Heat,94
198,Sun Nov 23 2014,7:00 pm,Golden State Warriors,91,Oklahoma City Thunder,86
199,Mon Nov 24 2014,7:00 pm,Los Angeles Clippers,113,Charlotte Hornets,92
200,Mon Nov 24 2014,7:00 pm,Orlando Magic,74,Cleveland Cavaliers,106
201,Mon Nov 24 2014,8:30 pm,Indiana Pacers,111,Dallas Mavericks,100
202,Mon Nov 24 2014,8:00 pm,New York Knicks,86,Houston Rockets,91
203,Mon Nov 24 2014,7:00 pm,Portland Trail Blazers,114,Philadelphia 76ers,104
204,Mon Nov 24 2014,7:30 pm,Phoenix Suns,100,Toronto Raptors,104
205,Mon Nov 24 2014,9:00 pm,Chicago Bulls,97,Utah Jazz,95
206,Tue Nov 25 2014,9:00 pm,Chicago Bulls,109,Denver Nuggets,114
207,Tue Nov 25 2014,7:30 pm,Golden State Warriors,114,Miami Heat,97
208,Tue Nov 25 2014,8:00 pm,Detroit Pistons,86,Milwaukee Bucks,98
209,Tue Nov 25 2014,8:00 pm,Sacramento Kings,99,New Orleans Pelicans,89
210,Tue Nov 25 2014,7:00 pm,Atlanta Hawks,106,Washington Wizards,102
211,Wed Nov 26 2014,7:30 pm,Toronto Raptors,126,Atlanta Hawks,115
212,Wed Nov 26 2014,7:00 pm,Portland Trail Blazers,105,Charlotte Hornets,97
213,Wed Nov 26 2014,7:00 pm,Washington Wizards,87,Cleveland Cavaliers,113
214,Wed Nov 26 2014,7:30 pm,New York Knicks,102,Dallas Mavericks,109
215,Wed Nov 26 2014,7:30 pm,Los Angeles Clippers,104,Detroit Pistons,98
216,Wed Nov 26 2014,8:00 pm,Sacramento Kings,89,Houston Rockets,102
217,Wed Nov 26 2014,10:30 pm,Memphis Grizzlies,99,Los Angeles Lakers,93
218,Wed Nov 26 2014,8:00 pm,Milwaukee Bucks,103,Minnesota Timberwolves,86
219,Wed Nov 26 2014,8:00 pm,Utah Jazz,82,Oklahoma City Thunder,97
220,Wed Nov 26 2014,7:00 pm,Golden State Warriors,111,Orlando Magic,96
221,Wed Nov 26 2014,7:00 pm,Brooklyn Nets,99,Philadelphia 76ers,91
222,Wed Nov 26 2014,9:00 pm,Denver Nuggets,112,Phoenix Suns,120
223,Wed Nov 26 2014,8:30 pm,Indiana Pacers,100,San Antonio Spurs,106
224,Fri Nov 28 2014,7:30 pm,New Orleans Pelicans,91,Atlanta Hawks,100
225,Fri Nov 28 2014,1:00 pm,Chicago Bulls,109,Boston Celtics,102
226,Fri Nov 28 2014,7:00 pm,Golden State Warriors,106,Charlotte Hornets,101
227,Fri Nov 28 2014,9:00 pm,Phoenix Suns,97,Denver Nuggets,122
228,Fri Nov 28 2014,7:30 pm,Milwaukee Bucks,104,Detroit Pistons,88
229,Fri Nov 28 2014,8:00 pm,Los Angeles Clippers,102,Houston Rockets,85
230,Fri Nov 28 2014,8:00 pm,Orlando Magic,83,Indiana Pacers,98
231,Fri Nov 28 2014,10:30 pm,Minnesota Timberwolves,120,Los Angeles Lakers,119
232,Fri Nov 28 2014,8:00 pm,New York Knicks,78,Oklahoma City Thunder,105
233,Fri Nov 28 2014,10:00 pm,Memphis Grizzlies,112,Portland Trail Blazers,99
234,Fri Nov 28 2014,8:30 pm,Sacramento Kings,104,San Antonio Spurs,112
235,Fri Nov 28 2014,7:30 pm,Dallas Mavericks,106,Toronto Raptors,102
236,Sat Nov 29 2014,7:30 pm,Charlotte Hornets,75,Atlanta Hawks,105
237,Sat Nov 29 2014,7:30 pm,Indiana Pacers,97,Cleveland Cavaliers,109
238,Sat Nov 29 2014,9:00 pm,Houston Rockets,117,Milwaukee Bucks,103
239,Sat Nov 29 2014,7:00 pm,Dallas Mavericks,110,Philadelphia 76ers,103
240,Sat Nov 29 2014,9:00 pm,Los Angeles Clippers,112,Utah Jazz,96
241,Sat Nov 29 2014,7:00 pm,New Orleans Pelicans,80,Washington Wizards,83
242,Sun Nov 30 2014,1:00 pm,San Antonio Spurs,111,Boston Celtics,89
243,Sun Nov 30 2014,3:00 pm,Chicago Bulls,102,Brooklyn Nets,84
244,Sun Nov 30 2014,3:30 pm,Golden State Warriors,104,Detroit Pistons,93
245,Sun Nov 30 2014,9:30 pm,Toronto Raptors,122,Los Angeles Lakers,129
246,Sun Nov 30 2014,7:30 pm,Miami Heat,86,New York Knicks,79
247,Sun Nov 30 2014,8:00 pm,Orlando Magic,93,Phoenix Suns,90
248,Sun Nov 30 2014,9:00 pm,Minnesota Timberwolves,93,Portland Trail Blazers,107
249,Sun Nov 30 2014,6:00 pm,Memphis Grizzlies,97,Sacramento Kings,85
251,Mon Dec 1 2014,10:30 pm,Minnesota Timberwolves,101,Los Angeles Clippers,127
252,Mon Dec 1 2014,7:00 pm,San Antonio Spurs,109,Philadelphia 76ers,103
253,Mon Dec 1 2014,9:00 pm,Denver Nuggets,103,Utah Jazz,101
254,Mon Dec 1 2014,7:00 pm,Miami Heat,86,Washington Wizards,107
255,Tue Dec 2 2014,7:30 pm,Boston Celtics,105,Atlanta Hawks,109
256,Tue Dec 2 2014,8:00 pm,Dallas Mavericks,132,Chicago Bulls,129
257,Tue Dec 2 2014,7:00 pm,Milwaukee Bucks,108,Cleveland Cavaliers,111
258,Tue Dec 2 2014,9:00 pm,Portland Trail Blazers,105,Denver Nuggets,103
259,Tue Dec 2 2014,7:30 pm,Los Angeles Lakers,106,Detroit Pistons,96
260,Tue Dec 2 2014,10:30 pm,Orlando Magic,97,Golden State Warriors,98
261,Tue Dec 2 2014,8:00 pm,Oklahoma City Thunder,104,New Orleans Pelicans,112
262,Tue Dec 2 2014,7:30 pm,Brooklyn Nets,98,New York Knicks,93
263,Tue Dec 2 2014,9:00 pm,Indiana Pacers,99,Phoenix Suns,116
264,Tue Dec 2 2014,10:00 pm,Toronto Raptors,117,Sacramento Kings,109
265,Wed Dec 3 2014,7:30 pm,Detroit Pistons,102,Boston Celtics,109
266,Wed Dec 3 2014,7:30 pm,San Antonio Spurs,93,Brooklyn Nets,95
267,Wed Dec 3 2014,7:00 pm,Chicago Bulls,102,Charlotte Hornets,95
268,Wed Dec 3 2014,8:00 pm,Memphis Grizzlies,96,Houston Rockets,105
269,Wed Dec 3 2014,10:30 pm,Orlando Magic,86,Los Angeles Clippers,114
270,Wed Dec 3 2014,7:30 pm,Atlanta Hawks,112,Miami Heat,102
271,Wed Dec 3 2014,8:00 pm,Dallas Mavericks,107,Milwaukee Bucks,105
272,Wed Dec 3 2014,8:00 pm,Philadelphia 76ers,85,Minnesota Timberwolves,77
273,Wed Dec 3 2014,9:00 pm,Toronto Raptors,123,Utah Jazz,104
274,Wed Dec 3 2014,7:00 pm,Los Angeles Lakers,95,Washington Wizards,111
275,Thu Dec 4 2014,10:30 pm,New Orleans Pelicans,85,Golden State Warriors,112
276,Thu Dec 4 2014,8:00 pm,Cleveland Cavaliers,90,New York Knicks,87
277,Thu Dec 4 2014,10:00 pm,Indiana Pacers,82,Portland Trail Blazers,88
278,Fri Dec 5 2014,7:30 pm,Los Angeles Lakers,96,Boston Celtics,113
279,Fri Dec 5 2014,7:30 pm,Atlanta Hawks,98,Brooklyn Nets,75
280,Fri Dec 5 2014,7:00 pm,New York Knicks,102,Charlotte Hornets,103
281,Fri Dec 5 2014,8:30 pm,Phoenix Suns,118,Dallas Mavericks,106
282,Fri Dec 5 2014,8:00 pm,San Antonio Spurs,107,Memphis Grizzlies,101
283,Fri Dec 5 2014,8:30 pm,Miami Heat,85,Milwaukee Bucks,109
284,Fri Dec 5 2014,8:00 pm,Houston Rockets,114,Minnesota Timberwolves,112
285,Fri Dec 5 2014,7:00 pm,Oklahoma City Thunder,103,Philadelphia 76ers,91
286,Fri Dec 5 2014,10:00 pm,Indiana Pacers,101,Sacramento Kings,102
287,Fri Dec 5 2014,7:30 pm,Cleveland Cavaliers,105,Toronto Raptors,91
288,Fri Dec 5 2014,9:00 pm,Orlando Magic,98,Utah Jazz,93
289,Fri Dec 5 2014,7:00 pm,Denver Nuggets,89,Washington Wizards,119
290,Sat Dec 6 2014,8:00 pm,Golden State Warriors,112,Chicago Bulls,102
291,Sat Dec 6 2014,7:30 pm,Philadelphia 76ers,108,Detroit Pistons,101
292,Sat Dec 6 2014,8:00 pm,Phoenix Suns,95,Houston Rockets,100
293,Sat Dec 6 2014,10:30 pm,New Orleans Pelicans,100,Los Angeles Clippers,120
294,Sat Dec 6 2014,10:00 pm,Orlando Magic,105,Sacramento Kings,96
295,Sat Dec 6 2014,8:30 pm,Minnesota Timberwolves,101,San Antonio Spurs,123
296,Sun Dec 7 2014,3:30 pm,Denver Nuggets,84,Atlanta Hawks,96
297,Sun Dec 7 2014,1:00 pm,Washington Wizards,93,Boston Celtics,101
298,Sun Dec 7 2014,7:30 pm,Milwaukee Bucks,102,Dallas Mavericks,125
299,Sun Dec 7 2014,6:00 pm,Oklahoma City Thunder,96,Detroit Pistons,94
300,Sun Dec 7 2014,9:30 pm,New Orleans Pelicans,104,Los Angeles Lakers,87
301,Sun Dec 7 2014,6:00 pm,Miami Heat,87,Memphis Grizzlies,103
302,Sun Dec 7 2014,7:30 pm,Portland Trail Blazers,103,New York Knicks,99
303,Mon Dec 8 2014,7:30 pm,Cleveland Cavaliers,110,Brooklyn Nets,88
304,Mon Dec 8 2014,7:00 pm,Atlanta Hawks,108,Indiana Pacers,92
305,Mon Dec 8 2014,10:30 pm,Phoenix Suns,120,Los Angeles Clippers,121
306,Mon Dec 8 2014,8:00 pm,Golden State Warriors,102,Minnesota Timberwolves,86
307,Mon Dec 8 2014,10:00 pm,Utah Jazz,92,Sacramento Kings,101
308,Mon Dec 8 2014,7:30 pm,Denver Nuggets,107,Toronto Raptors,112
309,Mon Dec 8 2014,7:00 pm,Boston Celtics,132,Washington Wizards,133
310,Tue Dec 9 2014,7:00 pm,Toronto Raptors,101,Cleveland Cavaliers,105
311,Tue Dec 9 2014,7:30 pm,Portland Trail Blazers,98,Detroit Pistons,86
312,Tue Dec 9 2014,10:30 pm,Sacramento Kings,95,Los Angeles Lakers,98
313,Tue Dec 9 2014,8:00 pm,Dallas Mavericks,105,Memphis Grizzlies,114
314,Tue Dec 9 2014,8:00 pm,New York Knicks,93,New Orleans Pelicans,104
315,Tue Dec 9 2014,8:00 pm,Milwaukee Bucks,101,Oklahoma City Thunder,114
316,Tue Dec 9 2014,9:00 pm,Miami Heat,103,Phoenix Suns,97
317,Tue Dec 9 2014,9:00 pm,San Antonio Spurs,96,Utah Jazz,100
318,Wed Dec 10 2014,7:30 pm,Philadelphia 76ers,79,Atlanta Hawks,95
319,Wed Dec 10 2014,8:00 pm,Brooklyn Nets,80,Chicago Bulls,105
320,Wed Dec 10 2014,7:00 pm,Boston Celtics,87,Charlotte Hornets,96
321,Wed Dec 10 2014,8:00 pm,New Orleans Pelicans,107,Dallas Mavericks,112
322,Wed Dec 10 2014,10:30 pm,Miami Heat,82,Denver Nuggets,102
323,Wed Dec 10 2014,10:30 pm,Houston Rockets,93,Golden State Warriors,105
324,Wed Dec 10 2014,7:00 pm,Los Angeles Clippers,103,Indiana Pacers,96
325,Wed Dec 10 2014,8:00 pm,Portland Trail Blazers,82,Minnesota Timberwolves,90
326,Wed Dec 10 2014,7:00 pm,Washington Wizards,91,Orlando Magic,89
327,Wed Dec 10 2014,8:30 pm,New York Knicks,95,San Antonio Spurs,109
328,Thu Dec 11 2014,8:00 pm,Cleveland Cavaliers,94,Oklahoma City Thunder,103
329,Thu Dec 11 2014,10:30 pm,Houston Rockets,113,Sacramento Kings,109
330,Fri Dec 12 2014,7:30 pm,Orlando Magic,81,Atlanta Hawks,87
331,Fri Dec 12 2014,7:30 pm,New York Knicks,101,Boston Celtics,95
332,Fri Dec 12 2014,7:30 pm,Philadelphia 76ers,70,Brooklyn Nets,88
333,Fri Dec 12 2014,7:00 pm,Portland Trail Blazers,106,Chicago Bulls,115
334,Fri Dec 12 2014,8:00 pm,Charlotte Hornets,107,Memphis Grizzlies,113
335,Fri Dec 12 2014,8:00 pm,Oklahoma City Thunder,111,Minnesota Timberwolves,92
336,Fri Dec 12 2014,8:00 pm,Cleveland Cavaliers,114,New Orleans Pelicans,119
337,Fri Dec 12 2014,9:00 pm,Detroit Pistons,105,Phoenix Suns,103
338,Fri Dec 12 2014,9:30 pm,Los Angeles Lakers,112,San Antonio Spurs,110
339,Fri Dec 12 2014,7:30 pm,Indiana Pacers,94,Toronto Raptors,106
340,Fri Dec 12 2014,9:00 pm,Miami Heat,100,Utah Jazz,95
341,Fri Dec 12 2014,7:00 pm,Los Angeles Clippers,96,Washington Wizards,104
342,Sat Dec 13 2014,7:00 pm,Brooklyn Nets,114,Charlotte Hornets,87
343,Sat Dec 13 2014,2:00 pm,Golden State Warriors,105,Dallas Mavericks,98
344,Sat Dec 13 2014,8:00 pm,Denver Nuggets,96,Houston Rockets,108
345,Sat Dec 13 2014,7:00 pm,Portland Trail Blazers,95,Indiana Pacers,85
346,Sat Dec 13 2014,7:30 pm,Los Angeles Clippers,106,Milwaukee Bucks,111
347,Sat Dec 13 2014,7:00 pm,Atlanta Hawks,99,Orlando Magic,100
348,Sat Dec 13 2014,7:30 pm,Memphis Grizzlies,120,Philadelphia 76ers,115
349,Sat Dec 13 2014,10:00 pm,Detroit Pistons,95,Sacramento Kings,90
350,Sun Dec 14 2014,8:00 pm,San Antonio Spurs,99,Denver Nuggets,91
351,Sun Dec 14 2014,6:00 pm,Chicago Bulls,93,Miami Heat,75
352,Sun Dec 14 2014,7:00 pm,Los Angeles Lakers,100,Minnesota Timberwolves,94
353,Sun Dec 14 2014,6:00 pm,Golden State Warriors,128,New Orleans Pelicans,122
354,Sun Dec 14 2014,7:30 pm,Toronto Raptors,95,New York Knicks,90
355,Sun Dec 14 2014,7:00 pm,Phoenix Suns,88,Oklahoma City Thunder,112
356,Sun Dec 14 2014,6:00 pm,Utah Jazz,84,Washington Wizards,93
357,Mon Dec 15 2014,7:30 pm,Chicago Bulls,86,Atlanta Hawks,93
358,Mon Dec 15 2014,7:00 pm,Charlotte Hornets,88,Cleveland Cavaliers,97
359,Mon Dec 15 2014,7:00 pm,Los Angeles Lakers,91,Indiana Pacers,110
360,Mon Dec 15 2014,10:30 pm,Detroit Pistons,91,Los Angeles Clippers,113
361,Mon Dec 15 2014,7:00 pm,Boston Celtics,105,Philadelphia 76ers,87
362,Mon Dec 15 2014,9:00 pm,Milwaukee Bucks,96,Phoenix Suns,94
363,Mon Dec 15 2014,10:00 pm,San Antonio Spurs,95,Portland Trail Blazers,108
364,Mon Dec 15 2014,7:30 pm,Orlando Magic,82,Toronto Raptors,95
365,Tue Dec 16 2014,7:30 pm,Miami Heat,95,Brooklyn Nets,91
366,Tue Dec 16 2014,8:00 pm,Golden State Warriors,98,Memphis Grizzlies,105
367,Tue Dec 16 2014,8:00 pm,Utah Jazz,111,New Orleans Pelicans,119
368,Tue Dec 16 2014,8:00 pm,Dallas Mavericks,107,New York Knicks,87
369,Tue Dec 16 2014,10:30 pm,Oklahoma City Thunder,104,Sacramento Kings,92
370,Tue Dec 16 2014,7:00 pm,Minnesota Timberwolves,95,Washington Wizards,109
371,Wed Dec 17 2014,7:30 pm,Orlando Magic,92,Boston Celtics,109
372,Wed Dec 17 2014,7:00 pm,Phoenix Suns,111,Charlotte Hornets,106
373,Wed Dec 17 2014,7:00 pm,Atlanta Hawks,127,Cleveland Cavaliers,98
374,Wed Dec 17 2014,10:30 pm,Houston Rockets,115,Denver Nuggets,111
375,Wed Dec 17 2014,7:30 pm,Dallas Mavericks,117,Detroit Pistons,106
376,Wed Dec 17 2014,10:30 pm,Indiana Pacers,100,Los Angeles Clippers,102
377,Wed Dec 17 2014,7:30 pm,Utah Jazz,105,Miami Heat,87
378,Wed Dec 17 2014,10:00 pm,Milwaukee Bucks,97,Portland Trail Blazers,104
379,Wed Dec 17 2014,8:30 pm,Memphis Grizzlies,117,San Antonio Spurs,116
380,Wed Dec 17 2014,8:00 pm,Brooklyn Nets,89,Toronto Raptors,105
381,Thu Dec 18 2014,8:00 pm,New York Knicks,97,Chicago Bulls,103
382,Thu Dec 18 2014,10:30 pm,Oklahoma City Thunder,109,Golden State Warriors,114
383,Thu Dec 18 2014,8:30 pm,New Orleans Pelicans,99,Houston Rockets,90
384,Thu Dec 18 2014,10:00 pm,Milwaukee Bucks,108,Sacramento Kings,107
385,Fri Dec 19 2014,7:30 pm,Minnesota Timberwolves,98,Boston Celtics,114
386,Fri Dec 19 2014,7:30 pm,Brooklyn Nets,91,Cleveland Cavaliers,95
387,Fri Dec 19 2014,9:00 pm,Los Angeles Clippers,106,Denver Nuggets,109
388,Fri Dec 19 2014,7:30 pm,Toronto Raptors,110,Detroit Pistons,100
389,Fri Dec 19 2014,10:30 pm,Oklahoma City Thunder,104,Los Angeles Lakers,103
390,Fri Dec 19 2014,8:00 pm,Chicago Bulls,103,Memphis Grizzlies,97
391,Fri Dec 19 2014,7:30 pm,Washington Wizards,105,Miami Heat,103
392,Fri Dec 19 2014,7:00 pm,Utah Jazz,101,Orlando Magic,94
393,Fri Dec 19 2014,7:00 pm,Charlotte Hornets,109,Philadelphia 76ers,91
394,Fri Dec 19 2014,8:00 pm,Portland Trail Blazers,129,San Antonio Spurs,119
395,Sat Dec 20 2014,7:00 pm,Utah Jazz,86,Charlotte Hornets,104
396,Sat Dec 20 2014,8:30 pm,San Antonio Spurs,93,Dallas Mavericks,99
397,Sat Dec 20 2014,9:00 pm,Indiana Pacers,73,Denver Nuggets,76
398,Sat Dec 20 2014,8:00 pm,Atlanta Hawks,104,Houston Rockets,97
399,Sat Dec 20 2014,10:30 pm,Milwaukee Bucks,102,Los Angeles Clippers,106
400,Sat Dec 20 2014,7:00 pm,Portland Trail Blazers,114,New Orleans Pelicans,88
401,Sat Dec 20 2014,1:00 pm,Phoenix Suns,99,New York Knicks,90
402,Sun Dec 21 2014,6:00 pm,Detroit Pistons,105,Brooklyn Nets,110
403,Sun Dec 21 2014,4:30 pm,Memphis Grizzlies,91,Cleveland Cavaliers,105
404,Sun Dec 21 2014,6:00 pm,Boston Celtics,84,Miami Heat,100
405,Sun Dec 21 2014,7:00 pm,Indiana Pacers,100,Minnesota Timberwolves,96
406,Sun Dec 21 2014,7:00 pm,New Orleans Pelicans,101,Oklahoma City Thunder,99
407,Sun Dec 21 2014,6:00 pm,Philadelphia 76ers,96,Orlando Magic,88
408,Sun Dec 21 2014,6:00 pm,Los Angeles Lakers,101,Sacramento Kings,108
409,Sun Dec 21 2014,3:30 pm,New York Knicks,108,Toronto Raptors,118
410,Sun Dec 21 2014,6:00 pm,Phoenix Suns,104,Washington Wizards,92
411,Mon Dec 22 2014,8:00 pm,Toronto Raptors,120,Chicago Bulls,129
412,Mon Dec 22 2014,7:00 pm,Denver Nuggets,82,Charlotte Hornets,110
413,Mon Dec 22 2014,8:30 pm,Atlanta Hawks,105,Dallas Mavericks,102
414,Mon Dec 22 2014,10:30 pm,Sacramento Kings,108,Golden State Warriors,128
415,Mon Dec 22 2014,8:00 pm,Portland Trail Blazers,95,Houston Rockets,110
416,Mon Dec 22 2014,8:00 pm,Utah Jazz,97,Memphis Grizzlies,91
417,Mon Dec 22 2014,8:30 pm,Los Angeles Clippers,118,San Antonio Spurs,125
418,Tue Dec 23 2014,7:30 pm,Los Angeles Clippers,104,Atlanta Hawks,107
419,Tue Dec 23 2014,7:30 pm,Denver Nuggets,96,Brooklyn Nets,102
420,Tue Dec 23 2014,7:00 pm,Minnesota Timberwolves,104,Cleveland Cavaliers,125
421,Tue Dec 23 2014,7:00 pm,New Orleans Pelicans,84,Indiana Pacers,96
422,Tue Dec 23 2014,10:30 pm,Golden State Warriors,105,Los Angeles Lakers,115
423,Tue Dec 23 2014,7:30 pm,Philadelphia 76ers,91,Miami Heat,87
424,Tue Dec 23 2014,8:00 pm,Charlotte Hornets,108,Milwaukee Bucks,101
425,Tue Dec 23 2014,8:00 pm,Portland Trail Blazers,115,Oklahoma City Thunder,111
426,Tue Dec 23 2014,7:00 pm,Boston Celtics,95,Orlando Magic,100
427,Tue Dec 23 2014,9:00 pm,Dallas Mavericks,115,Phoenix Suns,124
428,Tue Dec 23 2014,7:00 pm,Chicago Bulls,99,Washington Wizards,91
429,Thu Dec 25 2014,8:00 pm,Los Angeles Lakers,93,Chicago Bulls,113
430,Thu Dec 25 2014,10:30 pm,Golden State Warriors,86,Los Angeles Clippers,100
431,Thu Dec 25 2014,5:00 pm,Cleveland Cavaliers,91,Miami Heat,101
432,Thu Dec 25 2014,12:00 pm,Washington Wizards,102,New York Knicks,91
433,Thu Dec 25 2014,2:30 pm,Oklahoma City Thunder,114,San Antonio Spurs,106
434,Fri Dec 26 2014,7:30 pm,Milwaukee Bucks,107,Atlanta Hawks,77
435,Fri Dec 26 2014,1:00 pm,Brooklyn Nets,109,Boston Celtics,107
436,Fri Dec 26 2014,8:30 pm,Los Angeles Lakers,98,Dallas Mavericks,102
437,Fri Dec 26 2014,9:00 pm,Minnesota Timberwolves,102,Denver Nuggets,106
438,Fri Dec 26 2014,7:30 pm,Indiana Pacers,109,Detroit Pistons,119
439,Fri Dec 26 2014,8:00 pm,Houston Rockets,117,Memphis Grizzlies,111
440,Fri Dec 26 2014,8:00 pm,San Antonio Spurs,90,New Orleans Pelicans,97
441,Fri Dec 26 2014,8:00 pm,Charlotte Hornets,75,Oklahoma City Thunder,98
442,Fri Dec 26 2014,7:00 pm,Cleveland Cavaliers,98,Orlando Magic,89
443,Fri Dec 26 2014,10:00 pm,Philadelphia 76ers,93,Portland Trail Blazers,114
444,Fri Dec 26 2014,10:00 pm,Phoenix Suns,115,Sacramento Kings,106
445,Sat Dec 27 2014,8:00 pm,Indiana Pacers,110,Brooklyn Nets,85
446,Sat Dec 27 2014,8:00 pm,New Orleans Pelicans,100,Chicago Bulls,107
447,Sat Dec 27 2014,7:00 pm,Orlando Magic,102,Charlotte Hornets,94
448,Sat Dec 27 2014,10:30 pm,Minnesota Timberwolves,97,Golden State Warriors,110
449,Sat Dec 27 2014,3:30 pm,Toronto Raptors,110,Los Angeles Clippers,98
450,Sat Dec 27 2014,7:30 pm,Memphis Grizzlies,103,Miami Heat,95
451,Sat Dec 27 2014,8:30 pm,Atlanta Hawks,90,Milwaukee Bucks,85
452,Sat Dec 27 2014,10:00 pm,New York Knicks,129,Sacramento Kings,135
453,Sat Dec 27 2014,9:00 pm,Philadelphia 76ers,71,Utah Jazz,88
454,Sat Dec 27 2014,7:00 pm,Boston Celtics,88,Washington Wizards,101
455,Sun Dec 28 2014,4:30 pm,Detroit Pistons,103,Cleveland Cavaliers,80
456,Sun Dec 28 2014,7:30 pm,Oklahoma City Thunder,107,Dallas Mavericks,112
457,Sun Dec 28 2014,9:00 pm,Toronto Raptors,116,Denver Nuggets,102
458,Sun Dec 28 2014,9:30 pm,Phoenix Suns,116,Los Angeles Lakers,107
459,Sun Dec 28 2014,9:00 pm,New York Knicks,79,Portland Trail Blazers,101
460,Sun Dec 28 2014,7:00 pm,Houston Rockets,106,San Antonio Spurs,110
461,Mon Dec 29 2014,7:30 pm,Sacramento Kings,99,Brooklyn Nets,107
462,Mon Dec 29 2014,7:00 pm,Milwaukee Bucks,104,Charlotte Hornets,94
463,Mon Dec 29 2014,8:00 pm,Washington Wizards,104,Houston Rockets,103
464,Mon Dec 29 2014,7:00 pm,Chicago Bulls,92,Indiana Pacers,90
465,Mon Dec 29 2014,10:30 pm,Utah Jazz,97,Los Angeles Clippers,101
466,Mon Dec 29 2014,7:30 pm,Orlando Magic,102,Miami Heat,101
467,Tue Dec 30 2014,7:30 pm,Cleveland Cavaliers,101,Atlanta Hawks,109
468,Tue Dec 30 2014,8:00 pm,Brooklyn Nets,96,Chicago Bulls,82
469,Tue Dec 30 2014,8:30 pm,Washington Wizards,87,Dallas Mavericks,114
470,Tue Dec 30 2014,9:00 pm,Los Angeles Lakers,111,Denver Nuggets,103
471,Tue Dec 30 2014,10:30 pm,Philadelphia 76ers,86,Golden State Warriors,126
472,Tue Dec 30 2014,8:00 pm,San Antonio Spurs,87,Memphis Grizzlies,95
473,Tue Dec 30 2014,8:00 pm,Phoenix Suns,106,New Orleans Pelicans,110
474,Tue Dec 30 2014,7:00 pm,Detroit Pistons,109,Orlando Magic,86
475,Tue Dec 30 2014,10:00 pm,Toronto Raptors,97,Portland Trail Blazers,102
476,Tue Dec 30 2014,9:00 pm,Minnesota Timberwolves,94,Utah Jazz,100
477,Wed Dec 31 2014,1:00 pm,Sacramento Kings,84,Boston Celtics,106
478,Wed Dec 31 2014,7:00 pm,Milwaukee Bucks,96,Cleveland Cavaliers,80
479,Wed Dec 31 2014,7:00 pm,Charlotte Hornets,83,Houston Rockets,102
480,Wed Dec 31 2014,3:00 pm,Miami Heat,95,Indiana Pacers,106
481,Wed Dec 31 2014,6:00 pm,New York Knicks,78,Los Angeles Clippers,99
482,Wed Dec 31 2014,8:00 pm,Phoenix Suns,134,Oklahoma City Thunder,137
483,Wed Dec 31 2014,7:00 pm,New Orleans Pelicans,93,San Antonio Spurs,95
485,Thu Jan 1 2015,8:00 pm,Denver Nuggets,101,Chicago Bulls,106
486,Thu Jan 1 2015,8:00 pm,Sacramento Kings,110,Minnesota Timberwolves,107
487,Fri Jan 2 2015,7:30 pm,Dallas Mavericks,119,Boston Celtics,101
488,Fri Jan 2 2015,7:00 pm,Cleveland Cavaliers,91,Charlotte Hornets,87
489,Fri Jan 2 2015,10:30 pm,Toronto Raptors,105,Golden State Warriors,126
490,Fri Jan 2 2015,10:30 pm,Memphis Grizzlies,109,Los Angeles Lakers,106
491,Fri Jan 2 2015,8:30 pm,Indiana Pacers,94,Milwaukee Bucks,91
492,Fri Jan 2 2015,8:00 pm,Houston Rockets,83,New Orleans Pelicans,111
493,Fri Jan 2 2015,7:30 pm,Detroit Pistons,97,New York Knicks,81
494,Fri Jan 2 2015,8:00 pm,Washington Wizards,102,Oklahoma City Thunder,109
495,Fri Jan 2 2015,7:00 pm,Brooklyn Nets,100,Orlando Magic,98
496,Fri Jan 2 2015,9:00 pm,Philadelphia 76ers,96,Phoenix Suns,112
497,Fri Jan 2 2015,9:00 pm,Atlanta Hawks,98,Utah Jazz,92
498,Sat Jan 3 2015,8:00 pm,Boston Celtics,104,Chicago Bulls,109
499,Sat Jan 3 2015,9:00 pm,Memphis Grizzlies,85,Denver Nuggets,114
500,Sat Jan 3 2015,8:00 pm,Miami Heat,79,Houston Rockets,115
501,Sat Jan 3 2015,10:30 pm,Philadelphia 76ers,91,Los Angeles Clippers,127
502,Sat Jan 3 2015,8:00 pm,Utah Jazz,101,Minnesota Timberwolves,89
503,Sat Jan 3 2015,7:00 pm,Charlotte Hornets,98,Orlando Magic,90
504,Sat Jan 3 2015,10:00 pm,Atlanta Hawks,115,Portland Trail Blazers,107
505,Sat Jan 3 2015,8:30 pm,Washington Wizards,92,San Antonio Spurs,101
506,Sun Jan 4 2015,1:00 pm,Dallas Mavericks,109,Cleveland Cavaliers,90
507,Sun Jan 4 2015,6:00 pm,Sacramento Kings,95,Detroit Pistons,114
508,Sun Jan 4 2015,9:30 pm,Indiana Pacers,87,Los Angeles Lakers,88
509,Sun Jan 4 2015,6:00 pm,Brooklyn Nets,84,Miami Heat,88
510,Sun Jan 4 2015,7:30 pm,Milwaukee Bucks,95,New York Knicks,82
511,Sun Jan 4 2015,8:00 pm,Toronto Raptors,109,Phoenix Suns,125
512,Mon Jan 5 2015,7:30 pm,Charlotte Hornets,104,Boston Celtics,95
513,Mon Jan 5 2015,7:30 pm,Dallas Mavericks,96,Brooklyn Nets,88
514,Mon Jan 5 2015,8:00 pm,Houston Rockets,105,Chicago Bulls,114
515,Mon Jan 5 2015,10:30 pm,Oklahoma City Thunder,91,Golden State Warriors,117
516,Mon Jan 5 2015,10:30 pm,Atlanta Hawks,107,Los Angeles Clippers,98
517,Mon Jan 5 2015,8:00 pm,New York Knicks,83,Memphis Grizzlies,105
518,Mon Jan 5 2015,8:00 pm,Denver Nuggets,110,Minnesota Timberwolves,101
519,Mon Jan 5 2015,8:00 pm,Washington Wizards,92,New Orleans Pelicans,85
520,Mon Jan 5 2015,7:00 pm,Cleveland Cavaliers,92,Philadelphia 76ers,95
521,Mon Jan 5 2015,10:00 pm,Los Angeles Lakers,94,Portland Trail Blazers,98
522,Mon Jan 5 2015,9:00 pm,Indiana Pacers,105,Utah Jazz,101
523,Tue Jan 6 2015,8:00 pm,Phoenix Suns,102,Milwaukee Bucks,96
524,Tue Jan 6 2015,8:30 pm,Detroit Pistons,105,San Antonio Spurs,104
525,Wed Jan 7 2015,7:30 pm,Memphis Grizzlies,86,Atlanta Hawks,96
526,Wed Jan 7 2015,7:30 pm,Boston Celtics,89,Brooklyn Nets,81
527,Wed Jan 7 2015,8:00 pm,Utah Jazz,97,Chicago Bulls,77
528,Wed Jan 7 2015,7:00 pm,New Orleans Pelicans,94,Charlotte Hornets,98
529,Wed Jan 7 2015,7:00 pm,Houston Rockets,105,Cleveland Cavaliers,93
530,Wed Jan 7 2015,8:30 pm,Detroit Pistons,108,Dallas Mavericks,95
531,Wed Jan 7 2015,9:00 pm,Orlando Magic,90,Denver Nuggets,93
532,Wed Jan 7 2015,10:30 pm,Indiana Pacers,102,Golden State Warriors,117
533,Wed Jan 7 2015,10:30 pm,Los Angeles Lakers,89,Los Angeles Clippers,114
534,Wed Jan 7 2015,9:30 pm,Phoenix Suns,113,Minnesota Timberwolves,111
535,Wed Jan 7 2015,7:00 pm,Milwaukee Bucks,97,Philadelphia 76ers,77
536,Wed Jan 7 2015,10:00 pm,Oklahoma City Thunder,83,Sacramento Kings,104
537,Wed Jan 7 2015,7:00 pm,New York Knicks,91,Washington Wizards,101
538,Thu Jan 8 2015,8:00 pm,Houston Rockets,120,New York Knicks,96
539,Thu Jan 8 2015,10:30 pm,Miami Heat,83,Portland Trail Blazers,99
540,Thu Jan 8 2015,7:30 pm,Charlotte Hornets,103,Toronto Raptors,95
541,Fri Jan 9 2015,7:30 pm,Philadelphia 76ers,90,Brooklyn Nets,88
542,Fri Jan 9 2015,7:30 pm,Atlanta Hawks,106,Detroit Pistons,103
543,Fri Jan 9 2015,10:30 pm,Cleveland Cavaliers,94,Golden State Warriors,112
544,Fri Jan 9 2015,7:00 pm,Boston Celtics,103,Indiana Pacers,107
545,Fri Jan 9 2015,10:30 pm,Orlando Magic,84,Los Angeles Lakers,101
546,Fri Jan 9 2015,8:30 pm,Minnesota Timberwolves,84,Milwaukee Bucks,98
547,Fri Jan 9 2015,8:00 pm,Memphis Grizzlies,95,New Orleans Pelicans,106
548,Fri Jan 9 2015,8:00 pm,Utah Jazz,94,Oklahoma City Thunder,99
549,Fri Jan 9 2015,10:00 pm,Denver Nuggets,118,Sacramento Kings,108
550,Fri Jan 9 2015,8:30 pm,Phoenix Suns,95,San Antonio Spurs,100
551,Fri Jan 9 2015,8:00 pm,Chicago Bulls,86,Washington Wizards,102
552,Sat Jan 10 2015,8:00 pm,Milwaukee Bucks,87,Chicago Bulls,95
553,Sat Jan 10 2015,7:30 pm,Brooklyn Nets,93,Detroit Pistons,98
554,Sat Jan 10 2015,8:00 pm,Utah Jazz,82,Houston Rockets,97
555,Sat Jan 10 2015,3:30 pm,Dallas Mavericks,100,Los Angeles Clippers,120
556,Sat Jan 10 2015,8:00 pm,San Antonio Spurs,108,Minnesota Timberwolves,93
557,Sat Jan 10 2015,1:00 pm,Charlotte Hornets,110,New York Knicks,82
558,Sat Jan 10 2015,7:30 pm,Indiana Pacers,92,Philadelphia 76ers,93
559,Sat Jan 10 2015,10:00 pm,Orlando Magic,92,Portland Trail Blazers,103
560,Sat Jan 10 2015,7:30 pm,Boston Celtics,96,Toronto Raptors,109
561,Sun Jan 11 2015,3:00 pm,Washington Wizards,89,Atlanta Hawks,120
562,Sun Jan 11 2015,3:30 pm,Miami Heat,104,Los Angeles Clippers,90
563,Sun Jan 11 2015,9:30 pm,Portland Trail Blazers,106,Los Angeles Lakers,94
564,Sun Jan 11 2015,6:00 pm,Phoenix Suns,110,Memphis Grizzlies,122
565,Sun Jan 11 2015,9:00 pm,Cleveland Cavaliers,84,Sacramento Kings,103
566,Mon Jan 12 2015,7:30 pm,New Orleans Pelicans,100,Boston Celtics,108
567,Mon Jan 12 2015,7:30 pm,Houston Rockets,113,Brooklyn Nets,99
568,Mon Jan 12 2015,8:00 pm,Orlando Magic,121,Chicago Bulls,114
569,Mon Jan 12 2015,7:30 pm,Detroit Pistons,114,Toronto Raptors,111
570,Tue Jan 13 2015,7:00 pm,Minnesota Timberwolves,110,Indiana Pacers,101
571,Tue Jan 13 2015,10:30 pm,Miami Heat,78,Los Angeles Lakers,75
572,Tue Jan 13 2015,7:00 pm,Atlanta Hawks,105,Philadelphia 76ers,87
573,Tue Jan 13 2015,9:00 pm,Cleveland Cavaliers,100,Phoenix Suns,107
574,Tue Jan 13 2015,10:00 pm,Dallas Mavericks,108,Sacramento Kings,104
575,Tue Jan 13 2015,9:00 pm,Golden State Warriors,116,Utah Jazz,105
576,Tue Jan 13 2015,7:00 pm,San Antonio Spurs,93,Washington Wizards,101
577,Wed Jan 14 2015,8:00 pm,Atlanta Hawks,105,Boston Celtics,91
578,Wed Jan 14 2015,7:30 pm,Memphis Grizzlies,103,Brooklyn Nets,92
579,Wed Jan 14 2015,8:00 pm,Washington Wizards,105,Chicago Bulls,99
580,Wed Jan 14 2015,7:00 pm,San Antonio Spurs,98,Charlotte Hornets,93
581,Wed Jan 14 2015,9:00 pm,Dallas Mavericks,107,Denver Nuggets,114
582,Wed Jan 14 2015,7:30 pm,New Orleans Pelicans,105,Detroit Pistons,94
583,Wed Jan 14 2015,10:30 pm,Miami Heat,89,Golden State Warriors,104
584,Wed Jan 14 2015,7:00 pm,Houston Rockets,113,Orlando Magic,120
585,Wed Jan 14 2015,10:30 pm,Los Angeles Clippers,100,Portland Trail Blazers,94
586,Wed Jan 14 2015,7:30 pm,Philadelphia 76ers,84,Toronto Raptors,100
587,Thu Jan 15 2015,8:00 pm,Oklahoma City Thunder,101,Houston Rockets,112
588,Thu Jan 15 2015,10:30 pm,Cleveland Cavaliers,109,Los Angeles Lakers,102
589,Thu Jan 15 2015,3:00 pm,New York Knicks,79,Milwaukee Bucks,95
590,Fri Jan 16 2015,7:30 pm,Chicago Bulls,119,Boston Celtics,103
591,Fri Jan 16 2015,8:30 pm,Denver Nuggets,89,Dallas Mavericks,97
592,Fri Jan 16 2015,7:00 pm,Detroit Pistons,98,Indiana Pacers,96
593,Fri Jan 16 2015,10:30 pm,Cleveland Cavaliers,126,Los Angeles Clippers,121
594,Fri Jan 16 2015,8:00 pm,Golden State Warriors,115,Oklahoma City Thunder,127
595,Fri Jan 16 2015,7:00 pm,Memphis Grizzlies,106,Orlando Magic,96
596,Fri Jan 16 2015,7:00 pm,New Orleans Pelicans,81,Philadelphia 76ers,96
597,Fri Jan 16 2015,9:00 pm,Minnesota Timberwolves,99,Phoenix Suns,110
598,Fri Jan 16 2015,10:00 pm,Miami Heat,95,Sacramento Kings,83
599,Fri Jan 16 2015,8:30 pm,Portland Trail Blazers,96,San Antonio Spurs,110
600,Fri Jan 16 2015,7:30 pm,Atlanta Hawks,110,Toronto Raptors,89
601,Fri Jan 16 2015,9:00 pm,Los Angeles Lakers,85,Utah Jazz,94
602,Fri Jan 16 2015,7:00 pm,Brooklyn Nets,102,Washington Wizards,80
603,Sat Jan 17 2015,8:00 pm,Washington Wizards,99,Brooklyn Nets,90
604,Sat Jan 17 2015,8:00 pm,Atlanta Hawks,107,Chicago Bulls,99
605,Sat Jan 17 2015,7:00 pm,Indiana Pacers,71,Charlotte Hornets,80
606,Sat Jan 17 2015,9:00 pm,Minnesota Timberwolves,113,Denver Nuggets,105
607,Sat Jan 17 2015,7:30 pm,Philadelphia 76ers,89,Detroit Pistons,107
608,Sat Jan 17 2015,8:00 pm,Golden State Warriors,131,Houston Rockets,106
609,Sat Jan 17 2015,9:00 pm,Portland Trail Blazers,98,Memphis Grizzlies,102
610,Sat Jan 17 2015,10:00 pm,Los Angeles Clippers,117,Sacramento Kings,108
611,Sun Jan 18 2015,6:00 pm,Oklahoma City Thunder,127,Orlando Magic,99
612,Sun Jan 18 2015,7:00 pm,Utah Jazz,69,San Antonio Spurs,89
613,Sun Jan 18 2015,3:30 pm,New Orleans Pelicans,95,Toronto Raptors,93
614,Mon Jan 19 2015,2:30 pm,Detroit Pistons,82,Atlanta Hawks,93
615,Mon Jan 19 2015,2:00 pm,Minnesota Timberwolves,80,Charlotte Hornets,105
616,Mon Jan 19 2015,7:30 pm,Chicago Bulls,94,Cleveland Cavaliers,108
617,Mon Jan 19 2015,4:00 pm,Denver Nuggets,79,Golden State Warriors,122
618,Mon Jan 19 2015,5:30 pm,Indiana Pacers,98,Houston Rockets,110
619,Mon Jan 19 2015,3:30 pm,Boston Celtics,93,Los Angeles Clippers,102
620,Mon Jan 19 2015,5:00 pm,Dallas Mavericks,103,Memphis Grizzlies,95
621,Mon Jan 19 2015,8:00 pm,Toronto Raptors,92,Milwaukee Bucks,89
622,Mon Jan 19 2015,5:30 pm,New Orleans Pelicans,92,New York Knicks,99
623,Mon Jan 19 2015,10:00 pm,Los Angeles Lakers,100,Phoenix Suns,115
624,Mon Jan 19 2015,10:00 pm,Sacramento Kings,94,Portland Trail Blazers,98
625,Mon Jan 19 2015,2:00 pm,Philadelphia 76ers,76,Washington Wizards,111
626,Tue Jan 20 2015,9:00 pm,San Antonio Spurs,109,Denver Nuggets,99
627,Tue Jan 20 2015,7:30 pm,Oklahoma City Thunder,94,Miami Heat,86
628,Wed Jan 21 2015,7:30 pm,Indiana Pacers,91,Atlanta Hawks,110
629,Wed Jan 21 2015,7:00 pm,Miami Heat,76,Charlotte Hornets,78
630,Wed Jan 21 2015,7:00 pm,Utah Jazz,92,Cleveland Cavaliers,106
631,Wed Jan 21 2015,7:30 pm,Orlando Magic,118,Detroit Pistons,128
632,Wed Jan 21 2015,10:30 pm,Houston Rockets,113,Golden State Warriors,126
633,Wed Jan 21 2015,8:00 pm,Toronto Raptors,86,Memphis Grizzlies,92
634,Wed Jan 21 2015,8:00 pm,Dallas Mavericks,98,Minnesota Timberwolves,75
635,Wed Jan 21 2015,8:00 pm,Los Angeles Lakers,80,New Orleans Pelicans,96
636,Wed Jan 21 2015,7:00 pm,New York Knicks,98,Philadelphia 76ers,91
637,Wed Jan 21 2015,9:00 pm,Portland Trail Blazers,113,Phoenix Suns,118
638,Wed Jan 21 2015,10:00 pm,Brooklyn Nets,103,Sacramento Kings,100
639,Wed Jan 21 2015,8:00 pm,Oklahoma City Thunder,105,Washington Wizards,103
640,Thu Jan 22 2015,8:00 pm,San Antonio Spurs,81,Chicago Bulls,104
641,Thu Jan 22 2015,10:30 pm,Brooklyn Nets,84,Los Angeles Clippers,123
642,Thu Jan 22 2015,8:00 pm,Utah Jazz,101,Milwaukee Bucks,99
643,Thu Jan 22 2015,10:00 pm,Boston Celtics,90,Portland Trail Blazers,89
644,Fri Jan 23 2015,7:30 pm,Oklahoma City Thunder,93,Atlanta Hawks,103
645,Fri Jan 23 2015,7:30 pm,Charlotte Hornets,90,Cleveland Cavaliers,129
646,Fri Jan 23 2015,8:00 pm,Chicago Bulls,102,Dallas Mavericks,98
647,Fri Jan 23 2015,9:00 pm,Boston Celtics,100,Denver Nuggets,99
648,Fri Jan 23 2015,10:30 pm,Sacramento Kings,101,Golden State Warriors,126
649,Fri Jan 23 2015,7:30 pm,Indiana Pacers,87,Miami Heat,89
650,Fri Jan 23 2015,8:00 pm,New Orleans Pelicans,92,Minnesota Timberwolves,84
651,Fri Jan 23 2015,7:30 pm,Orlando Magic,106,New York Knicks,113
652,Fri Jan 23 2015,7:00 pm,Toronto Raptors,91,Philadelphia 76ers,86
653,Fri Jan 23 2015,9:00 pm,Houston Rockets,113,Phoenix Suns,111
654,Fri Jan 23 2015,8:30 pm,Los Angeles Lakers,85,San Antonio Spurs,99
655,Sat Jan 24 2015,7:00 pm,New York Knicks,71,Charlotte Hornets,76
656,Sat Jan 24 2015,8:00 pm,Philadelphia 76ers,83,Memphis Grizzlies,101
657,Sat Jan 24 2015,7:30 pm,Detroit Pistons,86,Milwaukee Bucks,101
658,Sat Jan 24 2015,10:00 pm,Washington Wizards,96,Portland Trail Blazers,103
659,Sat Jan 24 2015,9:00 pm,Brooklyn Nets,73,Utah Jazz,108
660,Sun Jan 25 2015,6:00 pm,Minnesota Timberwolves,100,Atlanta Hawks,112
661,Sun Jan 25 2015,1:00 pm,Miami Heat,96,Chicago Bulls,84
662,Sun Jan 25 2015,3:30 pm,Oklahoma City Thunder,98,Cleveland Cavaliers,108
663,Sun Jan 25 2015,8:00 pm,Washington Wizards,117,Denver Nuggets,115
664,Sun Jan 25 2015,8:00 pm,Boston Celtics,111,Golden State Warriors,114
665,Sun Jan 25 2015,9:30 pm,Houston Rockets,99,Los Angeles Lakers,87
666,Sun Jan 25 2015,6:00 pm,Dallas Mavericks,106,New Orleans Pelicans,109
667,Sun Jan 25 2015,6:00 pm,Indiana Pacers,106,Orlando Magic,99
668,Sun Jan 25 2015,6:00 pm,Los Angeles Clippers,120,Phoenix Suns,100
669,Sun Jan 25 2015,7:00 pm,Milwaukee Bucks,95,San Antonio Spurs,101
670,Sun Jan 25 2015,7:00 pm,Detroit Pistons,110,Toronto Raptors,114
671,Mon Jan 26 2015,10:30 pm,Denver Nuggets,98,Los Angeles Clippers,102
672,Mon Jan 26 2015,8:00 pm,Orlando Magic,94,Memphis Grizzlies,103
673,Mon Jan 26 2015,8:00 pm,Philadelphia 76ers,74,New Orleans Pelicans,99
674,Mon Jan 26 2015,8:00 pm,Minnesota Timberwolves,84,Oklahoma City Thunder,92
675,Mon Jan 26 2015,9:00 pm,Boston Celtics,99,Utah Jazz,90
676,Tue Jan 27 2015,8:30 pm,Memphis Grizzlies,109,Dallas Mavericks,90
677,Tue Jan 27 2015,7:30 pm,Cleveland Cavaliers,103,Detroit Pistons,95
678,Tue Jan 27 2015,10:30 pm,Chicago Bulls,113,Golden State Warriors,111
679,Tue Jan 27 2015,7:00 pm,Toronto Raptors,104,Indiana Pacers,91
680,Tue Jan 27 2015,10:30 pm,Washington Wizards,98,Los Angeles Lakers,92
681,Tue Jan 27 2015,7:30 pm,Milwaukee Bucks,109,Miami Heat,102
682,Wed Jan 28 2015,8:00 pm,Brooklyn Nets,102,Atlanta Hawks,113
683,Wed Jan 28 2015,7:00 pm,Portland Trail Blazers,94,Cleveland Cavaliers,99
684,Wed Jan 28 2015,8:00 pm,Dallas Mavericks,94,Houston Rockets,99
685,Wed Jan 28 2015,8:00 pm,Boston Celtics,98,Minnesota Timberwolves,110
686,Wed Jan 28 2015,8:00 pm,Denver Nuggets,93,New Orleans Pelicans,85
687,Wed Jan 28 2015,8:00 pm,Oklahoma City Thunder,92,New York Knicks,100
688,Wed Jan 28 2015,7:00 pm,Detroit Pistons,69,Philadelphia 76ers,89
689,Wed Jan 28 2015,10:30 pm,Washington Wizards,98,Phoenix Suns,106
690,Wed Jan 28 2015,8:30 pm,Charlotte Hornets,86,San Antonio Spurs,95
691,Wed Jan 28 2015,7:30 pm,Sacramento Kings,102,Toronto Raptors,119
692,Wed Jan 28 2015,9:00 pm,Los Angeles Clippers,94,Utah Jazz,89
693,Thu Jan 29 2015,7:00 pm,New York Knicks,82,Indiana Pacers,103
694,Thu Jan 29 2015,10:30 pm,Chicago Bulls,118,Los Angeles Lakers,123
695,Thu Jan 29 2015,8:00 pm,Denver Nuggets,69,Memphis Grizzlies,99
696,Thu Jan 29 2015,7:00 pm,Milwaukee Bucks,115,Orlando Magic,100
697,Fri Jan 30 2015,7:30 pm,Portland Trail Blazers,99,Atlanta Hawks,105
698,Fri Jan 30 2015,7:30 pm,Houston Rockets,93,Boston Celtics,87
699,Fri Jan 30 2015,7:30 pm,Toronto Raptors,127,Brooklyn Nets,122
700,Fri Jan 30 2015,7:30 pm,Sacramento Kings,90,Cleveland Cavaliers,101
701,Fri Jan 30 2015,8:00 pm,Dallas Mavericks,93,Miami Heat,72
702,Fri Jan 30 2015,8:00 pm,Los Angeles Clippers,103,New Orleans Pelicans,108
703,Fri Jan 30 2015,7:00 pm,Minnesota Timberwolves,94,Philadelphia 76ers,103
704,Fri Jan 30 2015,10:30 pm,Chicago Bulls,93,Phoenix Suns,99
705,Fri Jan 30 2015,9:00 pm,Golden State Warriors,100,Utah Jazz,110
706,Sat Jan 31 2015,7:30 pm,Philadelphia 76ers,85,Atlanta Hawks,91
707,Sat Jan 31 2015,9:00 pm,Charlotte Hornets,104,Denver Nuggets,86
708,Sat Jan 31 2015,7:30 pm,Houston Rockets,101,Detroit Pistons,114
709,Sat Jan 31 2015,10:30 pm,Phoenix Suns,87,Golden State Warriors,106
710,Sat Jan 31 2015,7:00 pm,Sacramento Kings,99,Indiana Pacers,94
711,Sat Jan 31 2015,8:00 pm,Oklahoma City Thunder,74,Memphis Grizzlies,85
712,Sat Jan 31 2015,8:30 pm,Portland Trail Blazers,88,Milwaukee Bucks,95
713,Sat Jan 31 2015,8:00 pm,Cleveland Cavaliers,106,Minnesota Timberwolves,90
714,Sat Jan 31 2015,7:00 pm,Dallas Mavericks,108,Orlando Magic,93
715,Sat Jan 31 2015,9:00 pm,Los Angeles Clippers,105,San Antonio Spurs,85
716,Sat Jan 31 2015,7:00 pm,Toronto Raptors,120,Washington Wizards,116
718,Sun Feb 1 2015,1:00 pm,Miami Heat,83,Boston Celtics,75
719,Sun Feb 1 2015,2:00 pm,Los Angeles Lakers,80,New York Knicks,92
720,Mon Feb 2 2015,7:30 pm,Los Angeles Clippers,100,Brooklyn Nets,102
721,Mon Feb 2 2015,7:00 pm,Philadelphia 76ers,84,Cleveland Cavaliers,97
722,Mon Feb 2 2015,8:30 pm,Minnesota Timberwolves,94,Dallas Mavericks,100
723,Mon Feb 2 2015,8:00 pm,Atlanta Hawks,100,New Orleans Pelicans,115
724,Mon Feb 2 2015,8:00 pm,Orlando Magic,97,Oklahoma City Thunder,104
725,Mon Feb 2 2015,9:00 pm,Memphis Grizzlies,102,Phoenix Suns,101
726,Mon Feb 2 2015,7:30 pm,Milwaukee Bucks,82,Toronto Raptors,75
727,Mon Feb 2 2015,7:00 pm,Charlotte Hornets,92,Washington Wizards,88
728,Tue Feb 3 2015,7:30 pm,Miami Heat,91,Detroit Pistons,108
729,Tue Feb 3 2015,7:30 pm,Boston Celtics,108,New York Knicks,97
730,Tue Feb 3 2015,7:00 pm,Denver Nuggets,98,Philadelphia 76ers,105
731,Tue Feb 3 2015,10:00 pm,Utah Jazz,102,Portland Trail Blazers,103
732,Tue Feb 3 2015,10:00 pm,Golden State Warriors,121,Sacramento Kings,96
733,Wed Feb 4 2015,7:30 pm,Washington Wizards,96,Atlanta Hawks,105
734,Wed Feb 4 2015,7:30 pm,Denver Nuggets,100,Boston Celtics,104
735,Wed Feb 4 2015,10:30 pm,Dallas Mavericks,114,Golden State Warriors,128
736,Wed Feb 4 2015,8:00 pm,Chicago Bulls,90,Houston Rockets,101
737,Wed Feb 4 2015,7:00 pm,Detroit Pistons,109,Indiana Pacers,114
738,Wed Feb 4 2015,8:00 pm,Los Angeles Lakers,105,Milwaukee Bucks,113
739,Wed Feb 4 2015,8:00 pm,Miami Heat,101,Minnesota Timberwolves,102
740,Wed Feb 4 2015,8:00 pm,Oklahoma City Thunder,102,New Orleans Pelicans,91
741,Wed Feb 4 2015,8:30 pm,Orlando Magic,103,San Antonio Spurs,110
742,Wed Feb 4 2015,7:30 pm,Brooklyn Nets,109,Toronto Raptors,93
743,Wed Feb 4 2015,9:00 pm,Memphis Grizzlies,100,Utah Jazz,90
744,Thu Feb 5 2015,7:00 pm,Washington Wizards,87,Charlotte Hornets,94
745,Thu Feb 5 2015,8:00 pm,Los Angeles Clippers,94,Cleveland Cavaliers,105
746,Thu Feb 5 2015,10:30 pm,Phoenix Suns,87,Portland Trail Blazers,108
747,Thu Feb 5 2015,10:00 pm,Dallas Mavericks,101,Sacramento Kings,78
748,Fri Feb 6 2015,7:30 pm,Golden State Warriors,116,Atlanta Hawks,124
749,Fri Feb 6 2015,7:30 pm,Philadelphia 76ers,96,Boston Celtics,107
750,Fri Feb 6 2015,7:00 pm,New York Knicks,88,Brooklyn Nets,92
751,Fri Feb 6 2015,7:30 pm,Denver Nuggets,88,Detroit Pistons,98
752,Fri Feb 6 2015,8:00 pm,Milwaukee Bucks,111,Houston Rockets,117
753,Fri Feb 6 2015,7:00 pm,Cleveland Cavaliers,99,Indiana Pacers,103
754,Fri Feb 6 2015,8:00 pm,Memphis Grizzlies,89,Minnesota Timberwolves,90
755,Fri Feb 6 2015,8:00 pm,New Orleans Pelicans,116,Oklahoma City Thunder,113
756,Fri Feb 6 2015,7:00 pm,Los Angeles Lakers,97,Orlando Magic,103
757,Fri Feb 6 2015,9:00 pm,Utah Jazz,93,Phoenix Suns,100
758,Fri Feb 6 2015,9:30 pm,Miami Heat,85,San Antonio Spurs,98
759,Fri Feb 6 2015,7:00 pm,Los Angeles Clippers,107,Toronto Raptors,123
760,Sat Feb 7 2015,8:30 pm,Portland Trail Blazers,101,Dallas Mavericks,111
761,Sat Feb 7 2015,8:30 pm,Boston Celtics,93,Milwaukee Bucks,96
762,Sat Feb 7 2015,7:00 pm,Chicago Bulls,107,New Orleans Pelicans,72
763,Sat Feb 7 2015,7:30 pm,Golden State Warriors,106,New York Knicks,92
764,Sat Feb 7 2015,7:30 pm,Charlotte Hornets,81,Philadelphia 76ers,89
765,Sat Feb 7 2015,9:00 pm,Sacramento Kings,90,Utah Jazz,102
766,Sat Feb 7 2015,7:00 pm,Brooklyn Nets,77,Washington Wizards,114
767,Sun Feb 8 2015,6:00 pm,Indiana Pacers,103,Charlotte Hornets,102
768,Sun Feb 8 2015,3:30 pm,Los Angeles Lakers,105,Cleveland Cavaliers,120
769,Sun Feb 8 2015,6:00 pm,Minnesota Timberwolves,112,Detroit Pistons,101
770,Sun Feb 8 2015,7:00 pm,Portland Trail Blazers,109,Houston Rockets,98
771,Sun Feb 8 2015,6:00 pm,Atlanta Hawks,88,Memphis Grizzlies,94
772,Sun Feb 8 2015,1:00 pm,Los Angeles Clippers,108,Oklahoma City Thunder,131
773,Sun Feb 8 2015,6:00 pm,Chicago Bulls,98,Orlando Magic,97
774,Sun Feb 8 2015,9:00 pm,Phoenix Suns,83,Sacramento Kings,85
775,Sun Feb 8 2015,7:00 pm,San Antonio Spurs,82,Toronto Raptors,87
776,Mon Feb 9 2015,8:30 pm,Los Angeles Clippers,115,Dallas Mavericks,98
777,Mon Feb 9 2015,9:00 pm,Oklahoma City Thunder,124,Denver Nuggets,114
778,Mon Feb 9 2015,7:00 pm,San Antonio Spurs,95,Indiana Pacers,93
779,Mon Feb 9 2015,7:30 pm,New York Knicks,95,Miami Heat,109
780,Mon Feb 9 2015,8:00 pm,Brooklyn Nets,97,Milwaukee Bucks,103
781,Mon Feb 9 2015,8:00 pm,Atlanta Hawks,117,Minnesota Timberwolves,105
782,Mon Feb 9 2015,8:00 pm,Utah Jazz,100,New Orleans Pelicans,96
783,Mon Feb 9 2015,7:00 pm,Golden State Warriors,89,Philadelphia 76ers,84
784,Mon Feb 9 2015,7:00 pm,Orlando Magic,80,Washington Wizards,96
785,Tue Feb 10 2015,8:00 pm,Sacramento Kings,86,Chicago Bulls,104
786,Tue Feb 10 2015,7:00 pm,Detroit Pistons,106,Charlotte Hornets,78
787,Tue Feb 10 2015,10:30 pm,Denver Nuggets,106,Los Angeles Lakers,96
788,Tue Feb 10 2015,8:00 pm,Brooklyn Nets,86,Memphis Grizzlies,95
789,Tue Feb 10 2015,8:00 pm,Houston Rockets,127,Phoenix Suns,118
790,Wed Feb 11 2015,7:30 pm,Atlanta Hawks,88,Boston Celtics,89
791,Wed Feb 11 2015,8:00 pm,Miami Heat,93,Cleveland Cavaliers,113
792,Wed Feb 11 2015,8:30 pm,Utah Jazz,82,Dallas Mavericks,87
793,Wed Feb 11 2015,7:30 pm,San Antonio Spurs,104,Detroit Pistons,87
794,Wed Feb 11 2015,10:30 pm,Houston Rockets,95,Los Angeles Clippers,110
795,Wed Feb 11 2015,8:00 pm,Sacramento Kings,103,Milwaukee Bucks,111
796,Wed Feb 11 2015,8:00 pm,Golden State Warriors,94,Minnesota Timberwolves,91
797,Wed Feb 11 2015,8:00 pm,Indiana Pacers,106,New Orleans Pelicans,93
798,Wed Feb 11 2015,8:00 pm,Memphis Grizzlies,89,Oklahoma City Thunder,105
799,Wed Feb 11 2015,7:00 pm,New York Knicks,83,Orlando Magic,89
800,Wed Feb 11 2015,10:00 pm,Los Angeles Lakers,86,Portland Trail Blazers,102
801,Wed Feb 11 2015,7:30 pm,Washington Wizards,93,Toronto Raptors,95
802,Thu Feb 12 2015,8:00 pm,Cleveland Cavaliers,98,Chicago Bulls,113
803,Thu Feb 19 2015,10:30 pm,San Antonio Spurs,115,Los Angeles Clippers,119
804,Thu Feb 19 2015,8:00 pm,Dallas Mavericks,89,Oklahoma City Thunder,104
805,Fri Feb 20 2015,7:30 pm,Toronto Raptors,105,Atlanta Hawks,80
806,Fri Feb 20 2015,8:30 pm,Houston Rockets,100,Dallas Mavericks,111
807,Fri Feb 20 2015,7:30 pm,Chicago Bulls,91,Detroit Pistons,100
808,Fri Feb 20 2015,10:30 pm,San Antonio Spurs,99,Golden State Warriors,110
809,Fri Feb 20 2015,10:30 pm,Brooklyn Nets,114,Los Angeles Lakers,105
810,Fri Feb 20 2015,8:30 pm,Denver Nuggets,81,Milwaukee Bucks,89
811,Fri Feb 20 2015,8:00 pm,Phoenix Suns,109,Minnesota Timberwolves,111
812,Fri Feb 20 2015,7:30 pm,Miami Heat,111,New York Knicks,87
813,Fri Feb 20 2015,7:00 pm,New Orleans Pelicans,84,Orlando Magic,95
814,Fri Feb 20 2015,7:00 pm,Indiana Pacers,106,Philadelphia 76ers,95
815,Fri Feb 20 2015,10:00 pm,Boston Celtics,101,Sacramento Kings,109
816,Fri Feb 20 2015,9:00 pm,Portland Trail Blazers,76,Utah Jazz,92
817,Fri Feb 20 2015,8:00 pm,Cleveland Cavaliers,127,Washington Wizards,89
818,Sat Feb 21 2015,8:00 pm,Phoenix Suns,107,Chicago Bulls,112
819,Sat Feb 21 2015,7:00 pm,Oklahoma City Thunder,110,Charlotte Hornets,103
820,Sat Feb 21 2015,8:00 pm,Toronto Raptors,76,Houston Rockets,98
821,Sat Feb 21 2015,10:00 pm,Sacramento Kings,99,Los Angeles Clippers,126
822,Sat Feb 21 2015,7:30 pm,New Orleans Pelicans,105,Miami Heat,91
823,Sun Feb 22 2015,7:30 pm,Charlotte Hornets,81,Dallas Mavericks,92
824,Sun Feb 22 2015,3:30 pm,Washington Wizards,89,Detroit Pistons,106
825,Sun Feb 22 2015,6:00 pm,Golden State Warriors,98,Indiana Pacers,104
826,Sun Feb 22 2015,9:30 pm,Boston Celtics,111,Los Angeles Lakers,118
827,Sun Feb 22 2015,3:30 pm,Atlanta Hawks,97,Milwaukee Bucks,86
828,Sun Feb 22 2015,1:00 pm,Cleveland Cavaliers,101,New York Knicks,83
829,Sun Feb 22 2015,7:00 pm,Denver Nuggets,94,Oklahoma City Thunder,119
830,Sun Feb 22 2015,6:00 pm,Philadelphia 76ers,98,Orlando Magic,103
831,Sun Feb 22 2015,9:00 pm,Memphis Grizzlies,98,Portland Trail Blazers,92
832,Mon Feb 23 2015,8:00 pm,Milwaukee Bucks,71,Chicago Bulls,87
833,Mon Feb 23 2015,9:00 pm,Brooklyn Nets,110,Denver Nuggets,82
834,Mon Feb 23 2015,8:00 pm,Minnesota Timberwolves,102,Houston Rockets,113
835,Mon Feb 23 2015,10:30 pm,Memphis Grizzlies,90,Los Angeles Clippers,87
836,Mon Feb 23 2015,7:30 pm,Philadelphia 76ers,108,Miami Heat,119
837,Mon Feb 23 2015,8:00 pm,Toronto Raptors,97,New Orleans Pelicans,100
838,Mon Feb 23 2015,9:00 pm,Boston Celtics,115,Phoenix Suns,110
839,Mon Feb 23 2015,9:00 pm,San Antonio Spurs,81,Utah Jazz,90
840,Tue Feb 24 2015,8:30 pm,Toronto Raptors,92,Dallas Mavericks,99
841,Tue Feb 24 2015,7:30 pm,Cleveland Cavaliers,102,Detroit Pistons,93
842,Tue Feb 24 2015,8:00 pm,Indiana Pacers,92,Oklahoma City Thunder,105
843,Tue Feb 24 2015,7:00 pm,Golden State Warriors,114,Washington Wizards,107
844,Wed Feb 25 2015,7:30 pm,Dallas Mavericks,87,Atlanta Hawks,104
845,Wed Feb 25 2015,7:30 pm,New York Knicks,94,Boston Celtics,115
846,Wed Feb 25 2015,8:00 pm,Charlotte Hornets,98,Chicago Bulls,86
847,Wed Feb 25 2015,9:00 pm,Phoenix Suns,110,Denver Nuggets,96
848,Wed Feb 25 2015,8:00 pm,Los Angeles Clippers,105,Houston Rockets,110
849,Wed Feb 25 2015,8:00 pm,Philadelphia 76ers,88,Milwaukee Bucks,104
850,Wed Feb 25 2015,8:00 pm,Washington Wizards,77,Minnesota Timberwolves,97
851,Wed Feb 25 2015,8:00 pm,Brooklyn Nets,96,New Orleans Pelicans,102
852,Wed Feb 25 2015,7:00 pm,Miami Heat,93,Orlando Magic,90
853,Wed Feb 25 2015,10:30 pm,San Antonio Spurs,95,Portland Trail Blazers,111
854,Wed Feb 25 2015,10:00 pm,Memphis Grizzlies,90,Sacramento Kings,102
855,Wed Feb 25 2015,9:00 pm,Los Angeles Lakers,100,Utah Jazz,97
856,Thu Feb 26 2015,8:00 pm,Golden State Warriors,99,Cleveland Cavaliers,110
857,Thu Feb 26 2015,10:30 pm,Oklahoma City Thunder,113,Phoenix Suns,117
858,Fri Feb 27 2015,7:30 pm,Orlando Magic,88,Atlanta Hawks,95
859,Fri Feb 27 2015,7:30 pm,Charlotte Hornets,98,Boston Celtics,106
860,Fri Feb 27 2015,8:00 pm,Minnesota Timberwolves,89,Chicago Bulls,96
861,Fri Feb 27 2015,9:00 pm,Utah Jazz,104,Denver Nuggets,82
862,Fri Feb 27 2015,7:30 pm,New York Knicks,121,Detroit Pistons,115
863,Fri Feb 27 2015,8:00 pm,Brooklyn Nets,98,Houston Rockets,102
864,Fri Feb 27 2015,7:00 pm,Cleveland Cavaliers,86,Indiana Pacers,93
865,Fri Feb 27 2015,10:30 pm,Milwaukee Bucks,93,Los Angeles Lakers,101
866,Fri Feb 27 2015,8:00 pm,Los Angeles Clippers,97,Memphis Grizzlies,79
867,Fri Feb 27 2015,8:00 pm,Miami Heat,102,New Orleans Pelicans,104
868,Fri Feb 27 2015,7:00 pm,Washington Wizards,81,Philadelphia 76ers,89
869,Fri Feb 27 2015,10:30 pm,Oklahoma City Thunder,112,Portland Trail Blazers,115
870,Fri Feb 27 2015,10:00 pm,San Antonio Spurs,107,Sacramento Kings,96
871,Fri Feb 27 2015,7:30 pm,Golden State Warriors,113,Toronto Raptors,89
872,Sat Feb 28 2015,8:30 pm,Brooklyn Nets,104,Dallas Mavericks,94
873,Sat Feb 28 2015,7:30 pm,Atlanta Hawks,93,Miami Heat,91
874,Sat Feb 28 2015,8:00 pm,Memphis Grizzlies,101,Minnesota Timberwolves,97
875,Sat Feb 28 2015,7:30 pm,Toronto Raptors,98,New York Knicks,103
876,Sat Feb 28 2015,9:00 pm,San Antonio Spurs,101,Phoenix Suns,74
877,Sat Feb 28 2015,9:00 pm,Milwaukee Bucks,75,Utah Jazz,82
878,Sat Feb 28 2015,7:00 pm,Detroit Pistons,95,Washington Wizards,99
880,Sun Mar 1 2015,6:00 pm,Golden State Warriors,106,Boston Celtics,101
881,Sun Mar 1 2015,1:00 pm,Los Angeles Clippers,96,Chicago Bulls,86
882,Sun Mar 1 2015,8:00 pm,New Orleans Pelicans,99,Denver Nuggets,92
883,Sun Mar 1 2015,3:30 pm,Cleveland Cavaliers,103,Houston Rockets,105
884,Sun Mar 1 2015,6:00 pm,Philadelphia 76ers,74,Indiana Pacers,94
885,Sun Mar 1 2015,6:30 pm,Oklahoma City Thunder,108,Los Angeles Lakers,101
886,Sun Mar 1 2015,6:00 pm,Charlotte Hornets,98,Orlando Magic,83
887,Sun Mar 1 2015,6:00 pm,Portland Trail Blazers,110,Sacramento Kings,99
888,Mon Mar 2 2015,7:30 pm,Golden State Warriors,108,Brooklyn Nets,110
889,Mon Mar 2 2015,8:30 pm,New Orleans Pelicans,93,Dallas Mavericks,102
890,Mon Mar 2 2015,7:30 pm,Phoenix Suns,98,Miami Heat,115
891,Mon Mar 2 2015,8:00 pm,Los Angeles Clippers,110,Minnesota Timberwolves,105
892,Mon Mar 2 2015,7:00 pm,Toronto Raptors,114,Philadelphia 76ers,103
893,Tue Mar 3 2015,7:30 pm,Houston Rockets,96,Atlanta Hawks,104
894,Tue Mar 3 2015,8:00 pm,Washington Wizards,92,Chicago Bulls,97
895,Tue Mar 3 2015,7:00 pm,Los Angeles Lakers,103,Charlotte Hornets,104
896,Tue Mar 3 2015,7:00 pm,Boston Celtics,79,Cleveland Cavaliers,110
897,Tue Mar 3 2015,9:00 pm,Milwaukee Bucks,95,Denver Nuggets,106
898,Tue Mar 3 2015,8:00 pm,Utah Jazz,93,Memphis Grizzlies,82
899,Tue Mar 3 2015,7:00 pm,Sacramento Kings,124,New York Knicks,86
900,Wed Mar 4 2015,7:30 pm,Utah Jazz,84,Boston Celtics,85
901,Wed Mar 4 2015,7:30 pm,Charlotte Hornets,115,Brooklyn Nets,91
902,Wed Mar 4 2015,10:30 pm,Milwaukee Bucks,93,Golden State Warriors,102
903,Wed Mar 4 2015,8:00 pm,Memphis Grizzlies,102,Houston Rockets,100
904,Wed Mar 4 2015,7:00 pm,New York Knicks,82,Indiana Pacers,105
905,Wed Mar 4 2015,10:30 pm,Portland Trail Blazers,98,Los Angeles Clippers,93
906,Wed Mar 4 2015,8:00 pm,Los Angeles Lakers,94,Miami Heat,100
907,Wed Mar 4 2015,8:00 pm,Denver Nuggets,100,Minnesota Timberwolves,85
908,Wed Mar 4 2015,8:00 pm,Detroit Pistons,85,New Orleans Pelicans,88
909,Wed Mar 4 2015,8:00 pm,Philadelphia 76ers,118,Oklahoma City Thunder,123
910,Wed Mar 4 2015,7:00 pm,Phoenix Suns,105,Orlando Magic,100
911,Wed Mar 4 2015,8:30 pm,Sacramento Kings,85,San Antonio Spurs,112
912,Wed Mar 4 2015,7:30 pm,Cleveland Cavaliers,120,Toronto Raptors,112
913,Thu Mar 5 2015,8:00 pm,Oklahoma City Thunder,105,Chicago Bulls,108
914,Thu Mar 5 2015,10:30 pm,Dallas Mavericks,75,Portland Trail Blazers,94
915,Fri Mar 6 2015,7:30 pm,Cleveland Cavaliers,97,Atlanta Hawks,106
916,Fri Mar 6 2015,8:00 pm,Phoenix Suns,108,Brooklyn Nets,100
917,Fri Mar 6 2015,7:00 pm,Toronto Raptors,94,Charlotte Hornets,103
918,Fri Mar 6 2015,10:30 pm,Dallas Mavericks,89,Golden State Warriors,104
919,Fri Mar 6 2015,8:00 pm,Detroit Pistons,93,Houston Rockets,103
920,Fri Mar 6 2015,7:00 pm,Chicago Bulls,84,Indiana Pacers,98
921,Fri Mar 6 2015,8:00 pm,Los Angeles Lakers,90,Memphis Grizzlies,97
922,Fri Mar 6 2015,8:00 pm,Boston Celtics,104,New Orleans Pelicans,98
923,Fri Mar 6 2015,7:00 pm,Sacramento Kings,114,Orlando Magic,119
924,Fri Mar 6 2015,7:00 pm,Utah Jazz,89,Philadelphia 76ers,83
925,Fri Mar 6 2015,8:30 pm,Denver Nuggets,111,San Antonio Spurs,120
926,Fri Mar 6 2015,7:00 pm,Miami Heat,97,Washington Wizards,99
927,Sat Mar 7 2015,7:30 pm,Phoenix Suns,79,Cleveland Cavaliers,89
928,Sat Mar 7 2015,9:00 pm,Houston Rockets,114,Denver Nuggets,100
929,Sat Mar 7 2015,7:30 pm,Sacramento Kings,109,Miami Heat,114
930,Sat Mar 7 2015,8:30 pm,Washington Wizards,85,Milwaukee Bucks,91
931,Sat Mar 7 2015,8:00 pm,Portland Trail Blazers,113,Minnesota Timberwolves,121
932,Sat Mar 7 2015,7:00 pm,Memphis Grizzlies,89,New Orleans Pelicans,95
933,Sat Mar 7 2015,7:30 pm,Indiana Pacers,92,New York Knicks,86
934,Sat Mar 7 2015,7:30 pm,Atlanta Hawks,84,Philadelphia 76ers,92
935,Sun Mar 8 2015,6:00 pm,Utah Jazz,95,Brooklyn Nets,88
936,Sun Mar 8 2015,6:00 pm,Charlotte Hornets,108,Detroit Pistons,101
937,Sun Mar 8 2015,3:30 pm,Los Angeles Clippers,98,Golden State Warriors,106
938,Sun Mar 8 2015,9:30 pm,Dallas Mavericks,100,Los Angeles Lakers,93
939,Sun Mar 8 2015,7:00 pm,Toronto Raptors,104,Oklahoma City Thunder,108
940,Sun Mar 8 2015,6:00 pm,Boston Celtics,98,Orlando Magic,103
941,Sun Mar 8 2015,1:00 pm,Chicago Bulls,105,San Antonio Spurs,116
942,Mon Mar 9 2015,7:30 pm,Sacramento Kings,105,Atlanta Hawks,130
943,Mon Mar 9 2015,8:00 pm,Memphis Grizzlies,101,Chicago Bulls,91
944,Mon Mar 9 2015,7:00 pm,Washington Wizards,95,Charlotte Hornets,69
945,Mon Mar 9 2015,9:00 pm,New York Knicks,78,Denver Nuggets,106
946,Mon Mar 9 2015,10:30 pm,Minnesota Timberwolves,76,Los Angeles Clippers,89
947,Mon Mar 9 2015,7:30 pm,Boston Celtics,100,Miami Heat,90
948,Mon Mar 9 2015,8:00 pm,New Orleans Pelicans,114,Milwaukee Bucks,103
949,Mon Mar 9 2015,10:00 pm,Golden State Warriors,98,Phoenix Suns,80
950,Tue Mar 10 2015,7:30 pm,New Orleans Pelicans,111,Brooklyn Nets,91
951,Tue Mar 10 2015,8:30 pm,Cleveland Cavaliers,127,Dallas Mavericks,94
952,Tue Mar 10 2015,7:00 pm,Orlando Magic,86,Indiana Pacers,118
953,Tue Mar 10 2015,10:30 pm,Detroit Pistons,85,Los Angeles Lakers,93
954,Tue Mar 10 2015,8:30 pm,Toronto Raptors,107,San Antonio Spurs,117
955,Tue Mar 10 2015,9:00 pm,New York Knicks,82,Utah Jazz,87
956,Wed Mar 11 2015,7:30 pm,Memphis Grizzlies,92,Boston Celtics,95
957,Wed Mar 11 2015,7:00 pm,Sacramento Kings,113,Charlotte Hornets,106
958,Wed Mar 11 2015,9:00 pm,Atlanta Hawks,102,Denver Nuggets,115
959,Wed Mar 11 2015,10:30 pm,Detroit Pistons,98,Golden State Warriors,105
960,Wed Mar 11 2015,7:30 pm,Brooklyn Nets,98,Miami Heat,104
961,Wed Mar 11 2015,8:00 pm,Orlando Magic,91,Milwaukee Bucks,97
962,Wed Mar 11 2015,8:00 pm,Los Angeles Clippers,120,Oklahoma City Thunder,108
963,Wed Mar 11 2015,7:00 pm,Chicago Bulls,104,Philadelphia 76ers,95
964,Wed Mar 11 2015,10:00 pm,Minnesota Timberwolves,97,Phoenix Suns,106
965,Wed Mar 11 2015,10:30 pm,Houston Rockets,100,Portland Trail Blazers,105
966,Thu Mar 12 2015,7:00 pm,Milwaukee Bucks,103,Indiana Pacers,109
967,Thu Mar 12 2015,10:30 pm,New York Knicks,101,Los Angeles Lakers,94
968,Thu Mar 12 2015,9:30 pm,Cleveland Cavaliers,128,San Antonio Spurs,125
969,Thu Mar 12 2015,9:00 pm,Houston Rockets,91,Utah Jazz,109
970,Thu Mar 12 2015,7:00 pm,Memphis Grizzlies,87,Washington Wizards,107
971,Fri Mar 13 2015,7:30 pm,Orlando Magic,88,Boston Celtics,95
972,Fri Mar 13 2015,7:00 pm,Chicago Bulls,91,Charlotte Hornets,101
973,Fri Mar 13 2015,8:30 pm,Los Angeles Clippers,99,Dallas Mavericks,129
974,Fri Mar 13 2015,9:00 pm,Golden State Warriors,103,Denver Nuggets,114
975,Fri Mar 13 2015,8:00 pm,Minnesota Timberwolves,99,Oklahoma City Thunder,113
976,Fri Mar 13 2015,7:00 pm,Sacramento Kings,107,Philadelphia 76ers,114
977,Fri Mar 13 2015,10:00 pm,Atlanta Hawks,96,Phoenix Suns,87
978,Fri Mar 13 2015,10:00 pm,Detroit Pistons,99,Portland Trail Blazers,118
979,Fri Mar 13 2015,7:30 pm,Miami Heat,92,Toronto Raptors,102
980,Sat Mar 14 2015,10:30 pm,New York Knicks,94,Golden State Warriors,125
981,Sat Mar 14 2015,7:00 pm,Boston Celtics,93,Indiana Pacers,89
982,Sat Mar 14 2015,8:00 pm,Milwaukee Bucks,83,Memphis Grizzlies,96
983,Sat Mar 14 2015,7:30 pm,Brooklyn Nets,94,Philadelphia 76ers,87
984,Sat Mar 14 2015,9:00 pm,Detroit Pistons,85,Utah Jazz,88
985,Sat Mar 14 2015,7:00 pm,Sacramento Kings,97,Washington Wizards,113
986,Sun Mar 15 2015,3:30 pm,Houston Rockets,100,Los Angeles Clippers,98
987,Sun Mar 15 2015,9:30 pm,Atlanta Hawks,91,Los Angeles Lakers,86
988,Sun Mar 15 2015,6:00 pm,Denver Nuggets,118,New Orleans Pelicans,111
989,Sun Mar 15 2015,1:00 pm,Chicago Bulls,100,Oklahoma City Thunder,109
990,Sun Mar 15 2015,6:00 pm,Cleveland Cavaliers,123,Orlando Magic,108
991,Sun Mar 15 2015,9:00 pm,New York Knicks,89,Phoenix Suns,102
992,Sun Mar 15 2015,7:00 pm,Minnesota Timberwolves,97,San Antonio Spurs,123
993,Sun Mar 15 2015,7:00 pm,Portland Trail Blazers,113,Toronto Raptors,97
994,Mon Mar 16 2015,7:30 pm,Philadelphia 76ers,89,Boston Celtics,108
995,Mon Mar 16 2015,8:30 pm,Oklahoma City Thunder,115,Dallas Mavericks,119
996,Mon Mar 16 2015,10:30 pm,Los Angeles Lakers,105,Golden State Warriors,108
997,Mon Mar 16 2015,7:00 pm,Toronto Raptors,117,Indiana Pacers,98
998,Mon Mar 16 2015,8:00 pm,Denver Nuggets,81,Memphis Grizzlies,92
999,Mon Mar 16 2015,8:00 pm,Cleveland Cavaliers,92,Miami Heat,106
1000,Mon Mar 16 2015,8:00 pm,Brooklyn Nets,122,Minnesota Timberwolves,106
1001,Mon Mar 16 2015,10:00 pm,Atlanta Hawks,110,Sacramento Kings,103
1002,Mon Mar 16 2015,9:00 pm,Charlotte Hornets,66,Utah Jazz,94
1003,Mon Mar 16 2015,7:00 pm,Portland Trail Blazers,97,Washington Wizards,105
1004,Tue Mar 17 2015,7:30 pm,Memphis Grizzlies,95,Detroit Pistons,105
1005,Tue Mar 17 2015,8:00 pm,Orlando Magic,94,Houston Rockets,107
1006,Tue Mar 17 2015,10:30 pm,Charlotte Hornets,92,Los Angeles Clippers,99
1007,Tue Mar 17 2015,8:00 pm,Milwaukee Bucks,84,New Orleans Pelicans,85
1008,Tue Mar 17 2015,7:30 pm,San Antonio Spurs,100,New York Knicks,104
1009,Wed Mar 18 2015,8:00 pm,Indiana Pacers,86,Chicago Bulls,103
1010,Wed Mar 18 2015,7:00 pm,Brooklyn Nets,92,Cleveland Cavaliers,117
1011,Wed Mar 18 2015,8:00 pm,Orlando Magic,102,Dallas Mavericks,107
1012,Wed Mar 18 2015,10:30 pm,Atlanta Hawks,95,Golden State Warriors,114
1013,Wed Mar 18 2015,7:30 pm,Portland Trail Blazers,104,Miami Heat,108
1014,Wed Mar 18 2015,8:00 pm,San Antonio Spurs,114,Milwaukee Bucks,103
1015,Wed Mar 18 2015,8:00 pm,Boston Celtics,118,Oklahoma City Thunder,122
1016,Wed Mar 18 2015,7:00 pm,Detroit Pistons,83,Philadelphia 76ers,94
1017,Wed Mar 18 2015,10:00 pm,Los Angeles Clippers,116,Sacramento Kings,105
1018,Wed Mar 18 2015,7:30 pm,Minnesota Timberwolves,100,Toronto Raptors,105
1019,Wed Mar 18 2015,10:30 pm,Washington Wizards,88,Utah Jazz,84
1020,Thu Mar 19 2015,8:00 pm,Denver Nuggets,108,Houston Rockets,118
1021,Thu Mar 19 2015,10:30 pm,Utah Jazz,80,Los Angeles Lakers,73
1022,Thu Mar 19 2015,7:30 pm,Minnesota Timberwolves,95,New York Knicks,92
1023,Thu Mar 19 2015,10:00 pm,New Orleans Pelicans,72,Phoenix Suns,74
1024,Fri Mar 20 2015,7:30 pm,Milwaukee Bucks,127,Brooklyn Nets,129
1025,Fri Mar 20 2015,8:00 pm,Toronto Raptors,92,Chicago Bulls,108
1026,Fri Mar 20 2015,7:30 pm,Indiana Pacers,92,Cleveland Cavaliers,95
1027,Fri Mar 20 2015,8:30 pm,Memphis Grizzlies,112,Dallas Mavericks,101
1028,Fri Mar 20 2015,10:30 pm,New Orleans Pelicans,96,Golden State Warriors,112
1029,Fri Mar 20 2015,10:30 pm,Washington Wizards,99,Los Angeles Clippers,113
1030,Fri Mar 20 2015,7:30 pm,Denver Nuggets,91,Miami Heat,108
1031,Fri Mar 20 2015,8:00 pm,Atlanta Hawks,115,Oklahoma City Thunder,123
1032,Fri Mar 20 2015,7:00 pm,Portland Trail Blazers,104,Orlando Magic,111
1033,Fri Mar 20 2015,7:00 pm,New York Knicks,81,Philadelphia 76ers,97
1034,Fri Mar 20 2015,10:00 pm,Charlotte Hornets,91,Sacramento Kings,101
1035,Fri Mar 20 2015,8:30 pm,Boston Celtics,89,San Antonio Spurs,101
1036,Sat Mar 21 2015,7:30 pm,Chicago Bulls,91,Detroit Pistons,107
1037,Sat Mar 21 2015,10:30 pm,Utah Jazz,91,Golden State Warriors,106
1038,Sat Mar 21 2015,8:00 pm,Phoenix Suns,117,Houston Rockets,102
1039,Sat Mar 21 2015,7:00 pm,Brooklyn Nets,123,Indiana Pacers,111
1040,Sat Mar 21 2015,8:00 pm,Portland Trail Blazers,86,Memphis Grizzlies,97
1041,Sun Mar 22 2015,3:00 pm,San Antonio Spurs,114,Atlanta Hawks,95
1042,Sun Mar 22 2015,6:00 pm,Detroit Pistons,105,Boston Celtics,97
1043,Sun Mar 22 2015,3:30 pm,New Orleans Pelicans,100,Los Angeles Clippers,107
1044,Sun Mar 22 2015,9:30 pm,Philadelphia 76ers,87,Los Angeles Lakers,101
1045,Sun Mar 22 2015,3:00 pm,Cleveland Cavaliers,108,Milwaukee Bucks,90
1046,Sun Mar 22 2015,7:00 pm,Charlotte Hornets,109,Minnesota Timberwolves,98
1047,Sun Mar 22 2015,3:00 pm,Miami Heat,75,Oklahoma City Thunder,93
1048,Sun Mar 22 2015,6:00 pm,Denver Nuggets,119,Orlando Magic,100
1049,Sun Mar 22 2015,9:00 pm,Dallas Mavericks,92,Phoenix Suns,98
1050,Sun Mar 22 2015,6:00 pm,Washington Wizards,86,Sacramento Kings,109
1051,Sun Mar 22 2015,4:00 pm,New York Knicks,89,Toronto Raptors,106
1052,Mon Mar 23 2015,7:30 pm,Boston Celtics,110,Brooklyn Nets,91
1053,Mon Mar 23 2015,8:00 pm,Charlotte Hornets,86,Chicago Bulls,98
1054,Mon Mar 23 2015,10:30 pm,Washington Wizards,76,Golden State Warriors,107
1055,Mon Mar 23 2015,7:00 pm,Houston Rockets,110,Indiana Pacers,100
1056,Mon Mar 23 2015,7:30 pm,Memphis Grizzlies,103,New York Knicks,82
1057,Mon Mar 23 2015,9:00 pm,Minnesota Timberwolves,106,Utah Jazz,104
1058,Tue Mar 24 2015,8:00 pm,San Antonio Spurs,94,Dallas Mavericks,101
1059,Tue Mar 24 2015,7:30 pm,Toronto Raptors,104,Detroit Pistons,108
1060,Tue Mar 24 2015,8:00 pm,Miami Heat,88,Milwaukee Bucks,89
1061,Tue Mar 24 2015,8:00 pm,Los Angeles Lakers,117,Oklahoma City Thunder,127
1062,Tue Mar 24 2015,10:30 pm,Golden State Warriors,122,Portland Trail Blazers,108
1063,Tue Mar 24 2015,10:00 pm,Philadelphia 76ers,106,Sacramento Kings,107
1064,Wed Mar 25 2015,7:30 pm,Miami Heat,93,Boston Celtics,86
1065,Wed Mar 25 2015,7:00 pm,Brooklyn Nets,91,Charlotte Hornets,88
1066,Wed Mar 25 2015,9:00 pm,Philadelphia 76ers,99,Denver Nuggets,85
1067,Wed Mar 25 2015,8:00 pm,Cleveland Cavaliers,111,Memphis Grizzlies,89
1068,Wed Mar 25 2015,8:00 pm,Los Angeles Lakers,101,Minnesota Timberwolves,99
1069,Wed Mar 25 2015,8:00 pm,Houston Rockets,95,New Orleans Pelicans,93
1070,Wed Mar 25 2015,7:00 pm,Los Angeles Clippers,111,New York Knicks,80
1071,Wed Mar 25 2015,7:00 pm,Atlanta Hawks,95,Orlando Magic,83
1072,Wed Mar 25 2015,10:00 pm,Sacramento Kings,108,Phoenix Suns,99
1073,Wed Mar 25 2015,9:30 pm,Oklahoma City Thunder,91,San Antonio Spurs,130
1074,Wed Mar 25 2015,7:00 pm,Chicago Bulls,116,Toronto Raptors,103
1075,Wed Mar 25 2015,9:00 pm,Portland Trail Blazers,92,Utah Jazz,89
1076,Wed Mar 25 2015,7:00 pm,Indiana Pacers,103,Washington Wizards,101
1077,Thu Mar 26 2015,8:00 pm,Indiana Pacers,107,Milwaukee Bucks,111
1078,Fri Mar 27 2015,7:30 pm,Miami Heat,86,Atlanta Hawks,99
1079,Fri Mar 27 2015,7:30 pm,Cleveland Cavaliers,98,Brooklyn Nets,106
1080,Fri Mar 27 2015,9:00 pm,Utah Jazz,91,Denver Nuggets,107
1081,Fri Mar 27 2015,8:00 pm,Minnesota Timberwolves,110,Houston Rockets,120
1082,Fri Mar 27 2015,8:00 pm,Golden State Warriors,107,Memphis Grizzlies,84
1083,Fri Mar 27 2015,8:00 pm,Sacramento Kings,88,New Orleans Pelicans,102
1084,Fri Mar 27 2015,7:30 pm,Boston Celtics,96,New York Knicks,92
1085,Fri Mar 27 2015,7:00 pm,Detroit Pistons,111,Orlando Magic,97
1086,Fri Mar 27 2015,7:00 pm,Los Angeles Clippers,119,Philadelphia 76ers,98
1087,Fri Mar 27 2015,10:00 pm,Portland Trail Blazers,87,Phoenix Suns,81
1088,Fri Mar 27 2015,8:30 pm,Dallas Mavericks,76,San Antonio Spurs,94
1089,Fri Mar 27 2015,7:30 pm,Los Angeles Lakers,83,Toronto Raptors,94
1090,Fri Mar 27 2015,7:00 pm,Charlotte Hornets,107,Washington Wizards,110
1091,Sat Mar 28 2015,8:00 pm,New York Knicks,80,Chicago Bulls,111
1092,Sat Mar 28 2015,7:00 pm,Atlanta Hawks,100,Charlotte Hornets,115
1093,Sat Mar 28 2015,8:30 pm,Golden State Warriors,108,Milwaukee Bucks,95
1094,Sat Mar 28 2015,10:00 pm,Denver Nuggets,114,Portland Trail Blazers,120
1095,Sat Mar 28 2015,9:00 pm,Oklahoma City Thunder,89,Utah Jazz,94
1096,Sun Mar 29 2015,6:00 pm,Los Angeles Clippers,119,Boston Celtics,106
1097,Sun Mar 29 2015,3:30 pm,Los Angeles Lakers,99,Brooklyn Nets,107
1098,Sun Mar 29 2015,4:30 pm,Philadelphia 76ers,86,Cleveland Cavaliers,87
1099,Sun Mar 29 2015,7:00 pm,Dallas Mavericks,99,Indiana Pacers,104
1100,Sun Mar 29 2015,6:00 pm,Detroit Pistons,102,Miami Heat,109
1101,Sun Mar 29 2015,4:00 pm,Minnesota Timberwolves,88,New Orleans Pelicans,110
1102,Sun Mar 29 2015,9:00 pm,Oklahoma City Thunder,109,Phoenix Suns,97
1103,Sun Mar 29 2015,7:00 pm,Memphis Grizzlies,89,San Antonio Spurs,103
1104,Sun Mar 29 2015,12:30 pm,Houston Rockets,99,Washington Wizards,91
1105,Mon Mar 30 2015,7:30 pm,Milwaukee Bucks,88,Atlanta Hawks,101
1106,Mon Mar 30 2015,7:00 pm,Boston Celtics,116,Charlotte Hornets,104
1107,Mon Mar 30 2015,8:00 pm,Sacramento Kings,83,Memphis Grizzlies,97
1108,Mon Mar 30 2015,8:00 pm,Utah Jazz,104,Minnesota Timberwolves,84
1109,Mon Mar 30 2015,7:00 pm,Los Angeles Lakers,113,Philadelphia 76ers,111
1110,Mon Mar 30 2015,10:00 pm,Phoenix Suns,86,Portland Trail Blazers,109
1111,Mon Mar 30 2015,7:30 pm,Houston Rockets,96,Toronto Raptors,99
1112,Tue Mar 31 2015,7:30 pm,Indiana Pacers,106,Brooklyn Nets,111
1113,Tue Mar 31 2015,7:30 pm,Atlanta Hawks,95,Detroit Pistons,105
1114,Tue Mar 31 2015,10:30 pm,Golden State Warriors,110,Los Angeles Clippers,106
1115,Tue Mar 31 2015,8:00 pm,San Antonio Spurs,95,Miami Heat,81
1117,Wed Apr 1 2015,7:30 pm,Indiana Pacers,87,Boston Celtics,100
1118,Wed Apr 1 2015,7:00 pm,Detroit Pistons,78,Charlotte Hornets,102
1119,Wed Apr 1 2015,8:00 pm,Sacramento Kings,111,Houston Rockets,115
1120,Wed Apr 1 2015,10:30 pm,New Orleans Pelicans,113,Los Angeles Lakers,92
1121,Wed Apr 1 2015,8:00 pm,Chicago Bulls,91,Milwaukee Bucks,95
1122,Wed Apr 1 2015,8:00 pm,Toronto Raptors,113,Minnesota Timberwolves,99
1123,Wed Apr 1 2015,7:30 pm,Brooklyn Nets,100,New York Knicks,98
1124,Wed Apr 1 2015,8:00 pm,Dallas Mavericks,135,Oklahoma City Thunder,131
1125,Wed Apr 1 2015,7:00 pm,San Antonio Spurs,103,Orlando Magic,91
1126,Wed Apr 1 2015,10:00 pm,Los Angeles Clippers,126,Portland Trail Blazers,122
1127,Wed Apr 1 2015,9:00 pm,Denver Nuggets,84,Utah Jazz,98
1128,Wed Apr 1 2015,7:00 pm,Philadelphia 76ers,93,Washington Wizards,106
1129,Thu Apr 2 2015,8:00 pm,Miami Heat,88,Cleveland Cavaliers,114
1130,Thu Apr 2 2015,8:30 pm,Houston Rockets,108,Dallas Mavericks,101
1131,Thu Apr 2 2015,10:30 pm,Phoenix Suns,106,Golden State Warriors,107
1132,Fri Apr 3 2015,7:30 pm,Milwaukee Bucks,110,Boston Celtics,101
1133,Fri Apr 3 2015,7:30 pm,Toronto Raptors,109,Brooklyn Nets,114
1134,Fri Apr 3 2015,8:00 pm,Detroit Pistons,82,Chicago Bulls,88
1135,Fri Apr 3 2015,7:00 pm,Charlotte Hornets,74,Indiana Pacers,93
1136,Fri Apr 3 2015,10:30 pm,Portland Trail Blazers,107,Los Angeles Lakers,77
1137,Fri Apr 3 2015,8:00 pm,Oklahoma City Thunder,92,Memphis Grizzlies,100
1138,Fri Apr 3 2015,8:00 pm,Orlando Magic,97,Minnesota Timberwolves,84
1139,Fri Apr 3 2015,10:00 pm,New Orleans Pelicans,101,Sacramento Kings,95
1140,Fri Apr 3 2015,8:30 pm,Denver Nuggets,93,San Antonio Spurs,123
1141,Fri Apr 3 2015,7:00 pm,New York Knicks,87,Washington Wizards,101
1142,Sat Apr 4 2015,7:30 pm,Brooklyn Nets,99,Atlanta Hawks,131
1143,Sat Apr 4 2015,7:00 pm,Philadelphia 76ers,91,Charlotte Hornets,92
1144,Sat Apr 4 2015,8:30 pm,Golden State Warriors,123,Dallas Mavericks,110
1145,Sat Apr 4 2015,9:00 pm,Los Angeles Clippers,107,Denver Nuggets,92
1146,Sat Apr 4 2015,7:30 pm,Miami Heat,98,Detroit Pistons,99
1147,Sat Apr 4 2015,8:00 pm,Washington Wizards,92,Memphis Grizzlies,83
1148,Sat Apr 4 2015,8:30 pm,Orlando Magic,97,Milwaukee Bucks,90
1149,Sat Apr 4 2015,10:00 pm,Utah Jazz,85,Phoenix Suns,87
1150,Sat Apr 4 2015,10:00 pm,New Orleans Pelicans,90,Portland Trail Blazers,99
1151,Sat Apr 4 2015,7:30 pm,Boston Celtics,117,Toronto Raptors,116
1152,Sun Apr 5 2015,3:30 pm,Chicago Bulls,94,Cleveland Cavaliers,99
1153,Sun Apr 5 2015,6:00 pm,Miami Heat,89,Indiana Pacers,112
1154,Sun Apr 5 2015,9:30 pm,Los Angeles Clippers,106,Los Angeles Lakers,78
1155,Sun Apr 5 2015,7:30 pm,Philadelphia 76ers,91,New York Knicks,101
1156,Sun Apr 5 2015,1:00 pm,Houston Rockets,115,Oklahoma City Thunder,112
1157,Sun Apr 5 2015,9:00 pm,Utah Jazz,101,Sacramento Kings,95
1158,Sun Apr 5 2015,7:00 pm,Golden State Warriors,92,San Antonio Spurs,107
1159,Mon Apr 6 2015,7:00 pm,Portland Trail Blazers,96,Brooklyn Nets,106
1160,Tue Apr 7 2015,7:30 pm,Phoenix Suns,69,Atlanta Hawks,96
1161,Tue Apr 7 2015,10:30 pm,Los Angeles Lakers,100,Los Angeles Clippers,105
1162,Tue Apr 7 2015,7:30 pm,Charlotte Hornets,100,Miami Heat,105
1163,Tue Apr 7 2015,8:00 pm,Golden State Warriors,100,New Orleans Pelicans,103
1164,Tue Apr 7 2015,8:00 pm,San Antonio Spurs,113,Oklahoma City Thunder,88
1165,Tue Apr 7 2015,10:00 pm,Minnesota Timberwolves,111,Sacramento Kings,116
1166,Wed Apr 8 2015,7:30 pm,Atlanta Hawks,114,Brooklyn Nets,111
1167,Wed Apr 8 2015,7:00 pm,Toronto Raptors,92,Charlotte Hornets,74
1168,Wed Apr 8 2015,9:30 pm,Phoenix Suns,104,Dallas Mavericks,107
1169,Wed Apr 8 2015,9:00 pm,Los Angeles Lakers,101,Denver Nuggets,119
1170,Wed Apr 8 2015,7:00 pm,Boston Celtics,113,Detroit Pistons,103
1171,Wed Apr 8 2015,8:00 pm,New Orleans Pelicans,74,Memphis Grizzlies,110
1172,Wed Apr 8 2015,8:00 pm,Cleveland Cavaliers,104,Milwaukee Bucks,99
1173,Wed Apr 8 2015,7:30 pm,Indiana Pacers,102,New York Knicks,86
1174,Wed Apr 8 2015,7:00 pm,Chicago Bulls,103,Orlando Magic,105
1175,Wed Apr 8 2015,7:00 pm,Washington Wizards,119,Philadelphia 76ers,90
1176,Wed Apr 8 2015,10:00 pm,Minnesota Timberwolves,91,Portland Trail Blazers,116
1177,Wed Apr 8 2015,8:30 pm,Houston Rockets,98,San Antonio Spurs,110
1178,Wed Apr 8 2015,9:00 pm,Sacramento Kings,91,Utah Jazz,103
1179,Thu Apr 9 2015,10:30 pm,Portland Trail Blazers,105,Golden State Warriors,116
1180,Thu Apr 9 2015,8:00 pm,Chicago Bulls,89,Miami Heat,78
1181,Fri Apr 10 2015,7:30 pm,Charlotte Hornets,80,Atlanta Hawks,104
1182,Fri Apr 10 2015,7:30 pm,Washington Wizards,80,Brooklyn Nets,117
1183,Fri Apr 10 2015,7:30 pm,Boston Celtics,99,Cleveland Cavaliers,90
1184,Fri Apr 10 2015,9:00 pm,Dallas Mavericks,144,Denver Nuggets,143
1185,Fri Apr 10 2015,7:30 pm,Indiana Pacers,107,Detroit Pistons,103
1186,Fri Apr 10 2015,8:00 pm,San Antonio Spurs,104,Houston Rockets,103
1187,Fri Apr 10 2015,10:30 pm,Minnesota Timberwolves,98,Los Angeles Lakers,106
1188,Fri Apr 10 2015,8:00 pm,Phoenix Suns,75,New Orleans Pelicans,90
1189,Fri Apr 10 2015,7:30 pm,Milwaukee Bucks,99,New York Knicks,91
1190,Fri Apr 10 2015,8:00 pm,Sacramento Kings,103,Oklahoma City Thunder,116
1191,Fri Apr 10 2015,7:00 pm,Toronto Raptors,101,Orlando Magic,99
1192,Fri Apr 10 2015,9:00 pm,Memphis Grizzlies,89,Utah Jazz,88
1193,Sat Apr 11 2015,8:00 pm,Philadelphia 76ers,107,Chicago Bulls,114
1194,Sat Apr 11 2015,10:30 pm,Minnesota Timberwolves,101,Golden State Warriors,110
1195,Sat Apr 11 2015,10:00 pm,Memphis Grizzlies,86,Los Angeles Clippers,94
1196,Sat Apr 11 2015,7:30 pm,Toronto Raptors,107,Miami Heat,104
1197,Sat Apr 11 2015,7:00 pm,New York Knicks,80,Orlando Magic,79
1198,Sat Apr 11 2015,10:00 pm,Utah Jazz,111,Portland Trail Blazers,105
1199,Sun Apr 12 2015,3:00 pm,Cleveland Cavaliers,78,Boston Celtics,117
1200,Sun Apr 12 2015,5:00 pm,Sacramento Kings,111,Denver Nuggets,122
1201,Sun Apr 12 2015,3:30 pm,Charlotte Hornets,77,Detroit Pistons,116
1202,Sun Apr 12 2015,7:00 pm,New Orleans Pelicans,114,Houston Rockets,121
1203,Sun Apr 12 2015,6:00 pm,Oklahoma City Thunder,104,Indiana Pacers,116
1204,Sun Apr 12 2015,9:30 pm,Dallas Mavericks,120,Los Angeles Lakers,106
1205,Sun Apr 12 2015,3:00 pm,Brooklyn Nets,73,Milwaukee Bucks,96
1206,Sun Apr 12 2015,7:00 pm,Phoenix Suns,91,San Antonio Spurs,107
1207,Sun Apr 12 2015,6:00 pm,Atlanta Hawks,99,Washington Wizards,108
1208,Mon Apr 13 2015,7:30 pm,New York Knicks,112,Atlanta Hawks,108
1209,Mon Apr 13 2015,7:30 pm,Chicago Bulls,113,Brooklyn Nets,86
1210,Mon Apr 13 2015,7:00 pm,Houston Rockets,100,Charlotte Hornets,90
1211,Mon Apr 13 2015,7:00 pm,Detroit Pistons,97,Cleveland Cavaliers,109
1212,Mon Apr 13 2015,10:30 pm,Memphis Grizzlies,107,Golden State Warriors,111
1213,Mon Apr 13 2015,10:30 pm,Denver Nuggets,103,Los Angeles Clippers,110
1214,Mon Apr 13 2015,7:30 pm,Orlando Magic,93,Miami Heat,100
1215,Mon Apr 13 2015,8:00 pm,New Orleans Pelicans,100,Minnesota Timberwolves,88
1216,Mon Apr 13 2015,8:00 pm,Portland Trail Blazers,90,Oklahoma City Thunder,101
1217,Mon Apr 13 2015,7:00 pm,Milwaukee Bucks,107,Philadelphia 76ers,97
1218,Mon Apr 13 2015,10:00 pm,Los Angeles Lakers,92,Sacramento Kings,102
1219,Mon Apr 13 2015,9:00 pm,Dallas Mavericks,92,Utah Jazz,109
1220,Tue Apr 14 2015,7:30 pm,Toronto Raptors,93,Boston Celtics,95
1221,Tue Apr 14 2015,8:00 pm,Washington Wizards,95,Indiana Pacers,99
1222,Tue Apr 14 2015,10:30 pm,Los Angeles Clippers,112,Phoenix Suns,101
1223,Wed Apr 15 2015,8:00 pm,Orlando Magic,88,Brooklyn Nets,101
1224,Wed Apr 15 2015,8:00 pm,Atlanta Hawks,85,Chicago Bulls,91
1225,Wed Apr 15 2015,8:00 pm,Washington Wizards,108,Cleveland Cavaliers,113
1226,Wed Apr 15 2015,8:00 pm,Portland Trail Blazers,98,Dallas Mavericks,114
1227,Wed Apr 15 2015,10:30 pm,Denver Nuggets,126,Golden State Warriors,133
1228,Wed Apr 15 2015,8:00 pm,Utah Jazz,91,Houston Rockets,117
1229,Wed Apr 15 2015,10:30 pm,Sacramento Kings,122,Los Angeles Lakers,99
1230,Wed Apr 15 2015,9:30 pm,Indiana Pacers,83,Memphis Grizzlies,95
1231,Wed Apr 15 2015,8:00 pm,Boston Celtics,105,Milwaukee Bucks,100
1232,Wed Apr 15 2015,8:00 pm,Oklahoma City Thunder,138,Minnesota Timberwolves,113
1233,Wed Apr 15 2015,8:00 pm,San Antonio Spurs,103,New Orleans Pelicans,108
1234,Wed Apr 15 2015,8:00 pm,Detroit Pistons,112,New York Knicks,90
1235,Wed Apr 15 2015,8:00 pm,Miami Heat,105,Philadelphia 76ers,101
1236,Wed Apr 15 2015,7:00 pm,Charlotte Hornets,87,Toronto Raptors,92
